Gremio/empresa interesada,Pais,Producto,Tipo,"Ingreso de Solicitud                    (CCI/año, Privados, gremio)", Inicio                        (Mes/año, 00/0000),Fecha apertura, 00/00/0000),Mes y Año de finalización          (Mes/año,00/ 0000)      ,Estado,Observaciones
,Argentina,Carne ovina,Apertura,,00/01/2011 ,01/05/2014,,Pendiente SAG. ,"Desde el 2011 se ésta intentando acordar un CZE. el 2013, SENASA envió propuesta de certificado para el ingreso de carne ovina con y sin hueso. ",,,
,Argentina, Reconocimiento Chile país libre de prurigo lumbar (carne ovina),Facilitación ,,2013,22/04/2015,Nov-15,Detenido. ,"SENASA reconoce como libres las regiones XI Aysén y XII Magallanes(nota CRI N° 259/2013), ambas regiones representan más  del 65 %  del ganado ovino chileno.  Es necesario un análisis respecto a seguir persistiendo en el reconocimiento como país libre de Prurigo lumbar.  ",,,
,Argentina,Carne de cerdo,Reapertura,,01/01/2013,18/11/2016,,Pendiente Senasa," En la reunión bilateral del 24 de agosto del 2016, SENASA propuso al SAG evaluar una equivalencia para el punto B4b1, el SAG debe entregar información sobre los procedimientos de trazabilidad en la faena.  En noviembre del 2016, SAG responde los comentarios enviados por SENASA a la propuesta de CVI, destacando entre ellos que para el punto 5 del CVI, el SAG remite los procedimientos de trazabilidad que actualmente posee las plantas autorizadas o en proceso de autorización. ",,,
,Argentina,Carne mecánicamente  recuperada de ave de corral,Apertura,,2011,03/02/2014,2014,Finalizado. ,Los establecimientos deben ser visitados para obtener su habilitación.,,,
,Argentina,"Pizzas con y sin ingredientes cárnicos , y cecinas",Apertura,,22/04/2016,08.08.2016,,Pendiente SAG,08.08.16 A través de Nota CRI N° 2831/2016 SENASA solicita informacion adicional,,,
ASPROCER,Argentina,Hamburguesas de bovinos con materia prima tercer pais,Apertura,,24/08/2016,18/10/2016,,Pendiente SENASA,Sag envia propuesta d CZE,,,
INTECAR,Argentina,Carne Bovina y subproductos de bovinos,Apertura,,24/08/2016,18/10/2016,,Pendiente SENASA,,,,
,Argentina,Aves de corral hasta 72 horas ,Apertura,SENASA,10/03/2016,10/03/2016,,Pendiente SAG,"10.03.16 En nota CRI N°941/2016 de SENASA Argentina, señala el interés de importar pollitos bebes, adjunta requisitos y solicita propuesta de certificado",,,
,Bangladesh,Tops de lana peinada de oveja,Apertura,,Dec-15,10/02/2016,,Pendiente SAG,"SAG (nota 7310/2015) solicita requisitos zoosanitarios para exportar este producto. La autoridad de Bangladesh responde que serán aplicables las normas sanitarias  recomendadas por la OIE. Por otra parte, se requiere un certificado de la autoridad competente.",,,
PIC Andina,Bolivia,Semen porcino fresco,Apertura,Privados,Jun-15,24/07/2015,Jul-15,"Finalizado, no abierto. ","De acuerdo a la RESOLUCION 1183 Norma Sanitaria Andina para el comercio y la movilizacion intrasubregional y con terceros paises de porcinos domesticos y sus productos, en el articulo 53 prohibe la importacion de semen fresco",,,
,Bolivia,Huevos frescos,Apertura,,mar-2014,16/07/2014,,Pendiente SAG,"En marzo de 2014 se envía carta a Bolivia solicitando los requisitos para exportar huevos fértiles.
 16.07.14 Bolivia envía propuesta de requisitos sanitarios.
",,,
,Brasil,Nugget ,Apertura,,21/11/2014,17/07/2015,,Pendiente SAG,Solo podrá exportarse hamburguesas o Nuggets de pollo utilizado el certificado acordado para  exportar carne o productos en base a carne de aves y menudencias de aves desde a Chile a Brasil cuando el producto no contenga carne extraída mecánicamente ADM). Si el producto está elaborado con ADM este no podrá contener más de un 30% de esta materia prima y deberá ser certificado bajo los requerimientos de productos termoprocesados. Falta enviar propuesta de CZE para su validación. ,,,
ASPROCER/ APA,Brasil,Cuero bovino curtido,,,Mar-15,,Jul-15,Finalizado.,"16.07.15 se recibe de parte de AA el oficio N° 0844 que formaliza que no es necesario la presentación del Certificado Zoosanitario para ingreso del producto en Brasil, pues el proceso de curtimiento posee la capacidad de destruir agente infeccioso de enfermedades transmisibles a los rebaños nacionales.",,,
,Cabo Verde,Carne de cerdo y aves,Apertura,,Jan-15,04/09/2016,,Pendiente Cabo Verde,"En febrero 2016 se auerda CZE y el 06.06.2016 se envía nota SAG N° 3609/2016, a través de la cual se adjunta  certificados sanitarios aprobados y  el listado de establecimientos exportadores, autorizados por SAG para exportar, que están interesados en enviar sus productos a Cabo Verde. 
Se informa que la certificación sanitaria es realizada por Médicos Veterinarios Oficiales de nuestro Servicio el Finalizado. Es necesario PZI. En septiembre 2016 se solicita respusta ala autorida sanitaria",,,
,Canadá,Leche y productos lácteos,Mantención,,Sep-15,20/01/2016,,Pendiente SAG,"20.01.2016: La CFIA envia modelos de CZE;Chile puede seguir exportando usando los certificados vigentes hasta que los modelos adjuntados por CFIA se implementen, siempre que el proceso no se prolongue indebidamente.",,,
APA/ASPROCER,Canadá,Subproductos comestibles de origen animal/despojos comestibles,Apertura,,Dec-15,17/03/2016,Sep-16,Finalizado,"29.04.2016: En carta SAG N°2641/2016 se envía nueva propuesta de certificados Zoosanitarios para certificar las exportaciones de carne y productos cárnicos derivados de las especies Bovino, Ovino, Aves de Corral, Porcinos y despojos comestibles en base al Anexo A, de acuerdo a comentarios de CFIA. Canadá acepta modificaciones de certificados propuestas por SAG. El periodo de transición finaliza el 12 de octubre. ",,,
AGEM,Islas Bermudas,Carne de Pollo,Apertura,,junio-2016,15/07/2016,,Finalizado,,,,
CRIADORES FINA SANGRE DE CARRERA S.A.,Islas Bermudas,Carne de aves y cerdos,Apertura,may-2013,,01/03/2016,,Pendiente Caricon,Se realiza vista de inspectores CARICON para el ejercicio de análisis de riesgo para los establecimientos de aves (3) y porcinos (2),,,
,China,Equinos,Apertura,CCI 2015-2016,Jan-13,14/09/2016,,Pendiente interesdado,"14.09.2016: Se consulta interés a Criadores FSC S.A. para confirmar si existe disposición a financiar una visita y proseguir con la solicitud, o bien dar por finalizado este tema. 15.09.2016: Criadores FSC S.A. responde que el día 27.09.2016 tendrán una Reunión de Directorio en la cual se incluirá en la Tabla de temas a tratar lo relativo a la exportación de caballos a China. Posterior a dicha reunión se comunicarán avances.",,,
,China,ASTAXANTINA,Apertura,Privados,Mar-16,08/04/2016,Jun-16,Detenido,Se consulta a AA si el cuestionario requerido por AQSIQ es el mismo que solicitó completar para Saboripet.Sin avances. No se prioriza cuestionario,,,
,China,Bovinos engorda,Apertura,SAG,Jun-16,18/07/2016,,Pendiente China,"A través de carta N° 4476/2016 SAG informa interés de exportar ganado bovino de engorda, se envía esta carta con motivo de iniciar el proceso de acordar el protocolo sanitario que amparará el ingreso de estas especies a China",,,
,China,Bovinos vivos,Apertura,Privados,Jun-12,,Nov-14,Finalizado,Se firma el protocolo que regula la exportación de vaquillas en pie desde Chile a China. Mercado abierto. Noviembre 2014,,,
Colmenas,China,CUEROS SECOS DE BOVINO Y OVINO,Facilitación,,,,Feb-16,Finalizado,A partir del 1 de abril se puede empezar a utilizar el nuevo certificado para cueros ovinos y bovinos,,,
Mafrisur,China,Subproductos bovinos ,Apertura,CCI 2016-2017,Oct-16,,,Pendiente SAG,"12.10.2016: Se solicita a DPP hacer llegar listado de todos los subproductos bovinos exportables, para adjuntar este archivo a la solicitud oficial de requisitos zoosanitarios. 24.10.2016: Se solicita listado de subproductos ovinos para ampliar el grupo",,,
,Colombia,Abejas vivas,Apertura,Privados,Oct-13,22/07/2016,May-16,Finalizado,"El 29 de mayo 2016 mediante Oficio Nro. 20162105941, se informa que se aprueba sin modificaciones propuesta de CZE en las próximas semanas se comunicara la propuesta de requisitos.  Habilitación de establecimientos: Se debe presentar “Formulario de evaluación de establecimiento”  y cancelar una tarifa para que ICA curse la evaluación. Posteriormente ICA podría indicar que es necesaria una visita",,,
FAENACAR ,Colombia,Cueros ovinos salados,Apertura,Privados,May-15,14/08/2015,May-15,"Finalizado, pendiente empresas",26.05.2015: se indica que solo se debe realizar una solicitud de importacion acompanada de  monografia avalada por SAG,,,
,Colombia,Cueros bovinos salados,Apertura,privados,May-15,26/05/2015,,Pendiente Bolivia,"El 26 de mayo se recibe Oficio ICA N° 20152106030, indicando que la solicitud referida a cuero bovino está en análisis del área pertinente. ",,,
,Colombia,"Subproductos de ave, consumo animal:harina de vísceras de ave, harina de plumas",Apertura,Privados,Jun-16,31/08/2016,Aug-16,Finalizado,"FINALIZADO. FALTA PREPARACION FORMULARIO POR PARTE DE EMPRESAS. ES NECESARIO VISITA PARA INICIAR EXPORTACIONES. El 31 de agosto 2016, se recibe Nota ICA  indicando la aceptación de la propuesta de Certificado para la exportación de harina de plumas y harina de vísceras. ",,,
,Corea del Sur,Hamburguesas de bovino (Karmac),Apertura,CCI 2015-2016,May-15,05/10/2015,Oct-15,"Finalizado, es necesario iniciar proceso de apertura","Para habilitar la exportación de hamburguesas, se debe solicitar a la autoridad coreana (MAFRA) que realice el análisis de riesgo de importación de productos procesados de carne bovina el cual corresponde al protocolo con ocho etapas. ",,,
,Corea del Sur,Carne ovina,Apertura,CCI 2014-2015,Nov-13,05/02/2016,,Pendiente SAG,"Se completa cuestionario.05.02.2016: AA envía la nota MFDS International Cooperation Division 739, en ésta se informa, entre otros aspectos, que la carne de ovino será conducido por el MFDS  después de que MAFRA/QIA termine el análisis de riesgo de importación",,,
,Corea del Sur,Miel,Apertura,Privados,Jun-16,01/08/2016,,Finalizado,Se realiza VC con AA. En esta se indica que las muestras de miel  ni las exportaciones comerciales requieren cumlir requitos sanitaros. Todo en maono de los exportadores,,,
,Corea del Sur,Tops de Lana de Oveja Peinada,Apertura,Privados,Mar-16,,Apr-16,"Finalizado, sin requistos ",Finalizado. no hay requisitos zoosanitarios para el ingreso de Wool top a Corea por su alto grado de procesamiento,,,
,Costa Rica,"Genetica porcina (semen, animales para reproduccción)",Apertura,Privados,Apr-14,27/05/2015,Oct-15,Detenido,"10.06.15 MAG en carta N° 793 señala que el establecimiento PIC Andina será visitado a partir del 22 de junio como parte del proceso de aprobación para la exportación de cerdos vivos y semen porcino.
Sin interes de PIC andina
",,,
GANADEROS,Cuba,Productos elaborados con materia prima de terceros países,Apertura,,06/10/2015,14/10/2015,2015,Finalizado.,,,,
,Ecuador,Bovinos vivos para reproducción,Apertura,Privados/AGROCALIDAD,Oct-14,01/11/2015,,Pendiente  interesados Anexo 2,"A través de Oficio AGROCALIDAD-2015-001085-OF, AGROCALIDAD aprueba CZE. Falta confirmación de conformidad de SAG y envío de anexo 2, corresondientes a los establecimientos. ",,,
,Ecuador,Nutrimax 14,Apertura,Privados,Jan-16,,,Pendiente Ecuador,"El 8 de enero de 2016 se envía ficha tecnica a AGROCALIDAD, se esperan exigencias sanitarias.",,,
,Ecuador,Semen bovino,Apertura,Agrocalidad,Aug-15,27/11/2015,,Pendiente Ecuador,Se envia propuesta de CZE para analisis de AGROCALIDAD,,,
,EE.UU,Abejas (paquetes),Apertura,,año 2009,,Dec-09,Detenido,,,,
,EE.UU,Caracoles,,,,,Dec-11,Detedo,,,,
,EE.UU,Carne bovina,Apertura,,,,antes del 2005,Finalizado,,,,
,EE.UU,Carne de aves,Apertura,,antes del 2005,,Dec-07,Finalizado,,,,
,EE.UU,Carne ovina,Apertura,,,,antes del 2005,Finalizado,,,,
,EE.UU,Carne porcina,Apertura,,,,antes del 2005,Finalizado,,,,
,EE.UU,Ganado en pie,Apertura,Privado,Mar-15,11/08/2016,,Pendiente EEUU,31.08.2016: Por carta SAG N°5314/2016 se adjunta propuesta de CZE para análisis de APHIS,,,
,EE.UU,Huevos fértiles de pavo y/o pavitos de un día,Apertura,Privado,May-16,,,Pendiente EEUU,En carta SAG N°3173/2016 se solicitan los requisitos sanitarios para exportar esta mercancía. ,,,
,EE.UU,Lacteos,Apertura,,,,antes del 2005,,,,,
,EE.UU,Plasma bovino,Apertura,,,,Dec-11,,,,,
,EE.UU,Productos carnicos procesados aves,Apertura,,,,Dec-07,,,,,
,EE.UU,Productos carnicos procesados aves,Apertura,,,,,,,,,
,EE.UU,Productos carnicos procesados bovinos,Apertura,,año 2006,,2009,,,,,
FAENACAR ,EE.UU,Productos carnicos procesados porcinos,Apertura,,año 2006,,2009,,,,,
,Guatemala,Tripas saladas  y sin sal de cerdo y bovino,Apertura,,05/12/2016,05/12/2016,,Pendiente Guatemala,,,,
,El Libano,"Carne, carne procesada y preparados carnicos bovino y ovinos",Facilitación/ habilitacion,Gremio y otros,Jun-13,20/01/2016,,Pendiente interesados,"8 de junio de 2014 se acuerdan CZE.  AGROMARIN aprobado.A inicios de marzo, DPP solicita confirmar que el CZE se extiende para visceras comestibles.CZE acordado 2015",,,
,El Libano,"Carne, carne procesada y preparados carnicos de ave",Facilitación/ habilitacion,CCI 2015-2016,Jun-13,20/01/2016,,Pendiente El Libano,"El 20 enero la Embajada de Chile en El Líbano, informa de la entrega de los documentos  de Faenadora Lo Miranda y Faenadora San Vicente al Departamento de Exportación e Importación del Ministerio de Agricultura de El Líbano",,,
FAENACAR ,El salvador,Genética porcina (Semen porcino),Apertura,,04/04/2014,21/08/2014,Dec-14,Detenido,". Se acordó CZE, No hay interés de los privados por visita. ",,,
,El Salvador,Tripas saladas  y sin sal de cerdo y bovino,Apertura,,05/12/2016,,,Pendiente Honduras,,,,
Exporlac,El Salvador,Plasma bovino y hemoglobina de bovino en polvo,Apertura,,10/10/2014,10/06/2016,,Pendiente El salvador,"10.06.16 carta SAG N°3718/2016 se solicita a El Salvador el estado de repuesta a la carta SAG N°6798/2014,  a la propuesta de CE de plasma y hemoglobina, pendiente desde el 2014.",,,
,El salvador ,Alimento para mascota extruido,Apertura,,07/03/2016,07/11/2016,,Pendiente El Salvador,"07,11,2016 Gustavo Franz consulta el estado de avance al Director general del MAG.",,,
,El Salvador ,Alimento para mascotas,Apertura,,04/07/2014,26/01/2015,2015,Finalizado,"24.02.15 AA envía carta de aprobación de CZE, además se indica que para poder internarse este tipo de mercancía se debe registrar el producto con Registro y Fiscalización y cumplir el reglamento técnico centroamericano RTCA 63.05.52:11. Se envía contacto para obtener mayor  información del proceso: Dra. Delfy Gochez al correo delfy.gochez@mag.gob.sv",,,
,Emiratos Arabes,Equinos vivos,Apertura,Privados,Jul-15,04/04/2016,,Pendiente Emiratos Arabe,"5 de abril de 2016, se solicita a Prochile en Emiratos insistir sobre esta solicitudf. En julio 2015, se envía propuesta de CZE.",,,
,Emiratos Arabes,Cueros salados bovino,Apertura,Privados,May-15,04/04/2016,01/11/2016,Finalizado,"FINALIZADO. A traves de carta SAG N° 6552/2016, se confirma apertura a Emiratos y se agradece.",,,
,Hong kong,Miel ,Apertura,SAG,Nov-16,04/11/2016,,Pendiente Hong kong,Se solicit a AC gestionar requisitos zoosanitarios para enviar propuesta de CZE. Para exportar miel se requeriria CZE y certifiado de origen ,,,
,Honduras,Tripas saladas  y sin sal de cerdo y bovino,Apertura,,05/12/2016,05/12/2016,,Pendiente Honduras,,,,
Exporlac,Honduras,Apertura carne ,Apertura,Priorizado cuestionario 2014,,,,Pendiente SAG,"Se esta trabajando, se encuentra en la etapa final de respuesta.",,,
FAENACAR ,India,Carne y subproductos de ovino,Apertura,Privado,Mar-13,01/10/2015,Aug-15,Tema detenido,DPP sugiere conseguir modelos de Australia y Nueva Zelanda (condición sanitaria similar a Chile) para tomar en cuenta sus requisitos. ,,,
,Indonesia,Carne cerdo,Apertura,CCI 2016-2017,,Sep-16,,Pendiente SAG,Se incia respuesta cuestionario,,,
FRIGORÍFICO OSORNO,Japón,Cueros,Apertura,,Jan-16,29/07/2016,Jul-16,"Finalizado, sin requistos cuero procesados","Al ser un producto procesado los cueros wet blue no serán objetos de inspección y por lo tanto no necesitan certificado sanitario. De no ser el cuero suficientemente procesado, podría ser objeto de inspección y en ese caso debería adjuntar un certificado sanitario. Se recomienda que una vez que el importador tenga la información detallada del producto debe consultar a la cuarentena más cercana al puerto de ingreso para reconfirmar. Si el origen del cuero no es bovino, se debe consultar caso a caso. ",,,
PROCESADORA DE CARNES DEL SUR,Japón,Huevos fertiles ,Apertura,,Dec-15,30/06/2016,,Pendiente importador,30.06.2016 AA enia consulas de MAFF.,,,
,Jordania,Leche y productos lacteos,Facilitación,Gremio,Feb-15,26/08/2016,,Pendiente,"El 19 de mayo de 2014 se recibe Nota Nro. 24/303/22777 del MINREL de Jordania, informando la validez del CZE para estos productos. El 26 de agosto, DIRECON remite Carta del Ministerio de Agricultura, en la cual se presenta a SAG como la Autoridad Zoosanitaria y se solicitan punto de contacto para continuar negociaciones. ",,,
,Jordania,Carne y subproductos bovinos,Facilitación,CCI 2014-2015,Feb-15,26/08/2016,,Pendiente,"El 7 de octubre 2015 se recibe Nota Ministerio de Asuntos Exteriores del Reino de Jordania N° 24/322/37370, en la cual aprueba el CZE para carne y subproductos de bovino.El 20 de enero de 2016, se recibe el listado de establecimientos interesados en exportar a este mercado (CZE acordado). Una vez se reciba respuesta sobre la habilitación de establecimientos lacteos y ovinos se continuará.El 26 de agosto, DIRECON remite Carta del Ministerio de Agricultura, en la cual se presenta a SAG como la Autoridad Zoosanitaria y se solicitan punto de contacto para continuar negociaciones. ",,,
,Jordania,Carne y subproductos ovinos,Facilitación,CCI 2014-2015,May-14,26/08/2016,,Pendiente,"El 7 de octubre 2015 se recibe Nota Ministerio de Asuntos Exteriores del Reino de Jordania N° 24/322/37370, en la cual aprueba el CZE para carne y subproductos de ovino. El 26 de agosto, DIRECON remite Carta del Ministerio de Agricultura, en la cual se presenta a SAG como la Autoridad Zoosanitaria y se solicitan punto de contacto para continuar negociaciones. ",,,
,Malasia,Carne y subproductos de bovino,Apertura,,Apr-11,,Dec-12,"Detenido, requisito Halal","En diciembre del 2012, Malasia responde informando la norma con los requisitos y solicitando información sobre los establecimientos interesados.  
Malasia, al ser un país Musulmán solicita además de los requisitos zoosanitarios Certificación Halal. En este sentido, NO SE PUEDE CUMPLIR EL REQUISITO HALAL debido a que el JAKIM (autoridad religiosa en Malasia) requiere que la planta Faenadora tenga dedicación exclusiva a faena Halal.
",,,
,Malasia,Lacteos,,,Sep-14,31/08/2015,Aug-15,Detenido gremio no contesta. CZE acoradao en abril 2015.,"El 29 de abril de 2015, se recibe desde la Oficina Comercial de Chile en Malasia la aprobación de la propuesta de CZE para este producto.Cuestionarios establecimientos: Pendiente Interesados (EXPORLAC). Durante marzo de 2015 DPP remite vía mail a las regiones y a EXPORLAC los cuestionarios correspondientes a  los establecimientos, dada la falta de respuesta, durante agosto se insiste vía carta a gremios pertinentes.El 28 de agosto (carta SAG N° 5224/2015, EXPORLAC) y 31 de agosto (5287/2015, FEDELECHE), se informan a los gremios los costos de habilitación, documentación a preparar por los establecimientos y se solicita informar dentro de septiembre si existe un real interés en continuar con esta apertura de mercado.",,,
,México,Cabezas enteras de bovinos,Apertura,Frigorifico Osorno,May-15,06/05/2015,May-15,Finalizado,". De acuerdo a lo señalado en el oficio B00.02.03.01.01.-0044/2015 de SENASICA, en carta SAG N°2509/2015 se adjunta copia de certificado (envío digital y postal), para exportar cabeza entera de bovino para consumo humano. Se solicita a SENASICA informar al personal oficial a cargo en los puertos de esta modificación, para dar inicio a las exportaciones.Se extiende CZE carne bovina",,,
,México,Viril de bovino (pene) para consumo animal y glándula parótida (molleja) para consumo humano,Apertura,,Dec-14,27/07/2015,Jul-15,Finalizado,"Se solicita a SENASICA incluir estos sub-productos bovinos en la HRZ correspondiente. SENASICA adjunta  HRZ  para la exportación de estos productos. SAG a través de carta N°2868/2015 envía propuesta de CZE . En julio SAGARPA comunica que ambas Hojas de Requisitos ya están habilitadas y listas, incluidas dentro de “Despojos bovinos, para consumo humano” y “Despojos bovinos, para consumo de perros y gatos”, respectivamente.",,,
,México,Abejorros,Apertura,,May-14,02/07/2014,Jul-14,Finalizado sin apertura,"Se solicita a SENASICA propuesta de HRZ, a fin de proponer un Certificado Zoosanitario de Exportación. Mexico responde que es imposible aceptar la importación de este producto debido a su condición de especie invasora, de alto impacto a la biodiversidad.",,,
,México,Aceite de animales marinos,Apertura,,Oct-13,01/12/2013,Dec-14,Detenido,"SENASICA informa el interés de importar desde Chile aceite de animales marinos, para consumo animal.  En diciembre de 2013 SENASICA reitera la consulta e introduce una adecuación al Certificado, para ser incluida por el SAG.  A la fecha sin nueva gestión y sin nueva petición por parte de SENASICA.",,,
,México,Anticuerpos,Apertura,,Jun-12,01/04/2013,Dec-14,Detenido,"SAG envía propuesta de CZE.  SENASICA responde en abril de 2013, emitiendo una propuesta de requisitos. A la fecha sin nueva gestión y sin nueva petición por parte de SENASICA.",,,
,México,Bovinos vivos de reproducción,Apertura,,Mar-15,05/04/2016,Jun-16,Finalizado ," 31.03.2016: A través de Oficio No. B00.02.03.01.01.-0305-16 se solicitan dos ejemplares de Certificados originales para ser distribuidos en los puntos de ingreso. El 05.04.2016, en carta SAG N°2011/2016, se comunica que los certificados originales serán despachados a la brevedad vía correo certificado.",,,
,México,Carne de ave (Tifosis aviar),Reapertura,,Jul-15,29/03/2016,Mar-16,Finalizado,"SAG notifica a la OIE brote de tifosis aviar (Salmonella gallinarum) en aves de postura,  en la Región de Arica y Parinacota. SENASICA decide el bloqueo de las Hojas de Requistos Zoosanitarios para carne, despojos y visceras crudos de Chile. Lo anterior implica el cierre de mercado, incluyéndose las mercancias que se encuentran en tránsito internacional. Finalmente SENASICA levanta la medida para los contenedores con producto chileno y restringe la entrada sólo de mercancías provenientes de la Región de Arica y Parinacota.",,,
,México,"Carne, vísceras y despojos de aves",Apertura,,Nov-15,29/03/2016,,Pendiente Mexico,"29.03.2016: Combinación 004-13-182-CHL-CHL para despojos y vísceras de aves, bloqueada en el Módulo de Consulta de SENASICA: en reunión con el Director de Importaciones y Exportaciones de SENASICA con Consejería, se informa que SENASICA está preparando una respuesta para incorporar los requisitos de ambos productos en una sola combinación. Se espera que la comunicación esté lista en los próximos 20 días.",,,
,México,"Harina de carne y hueso de la especie ovina  y ""Despojos y recortes de carne de ovino para la alimentación animal",Apertura,,Jun-13,01/10/2013,Oct-13,Finalizado,"Ver minuta julio 2014.En octubre de 2013 SENASICA responde, aclarando los puntos señalados, indican que los certificados enviados fueron considerados satisfactorios ",,,
ASPROCER,México,Sebo ovino y bovino,Apertura,,Nov-14,19/11/2014,,Pendiente SAG,"Oficio N° 1146 de SENASICA, solicita el envío del modelo de CZE para su verificación. También envía propuesta de requisitos sanitarios.",,,
FAENACAR ,Mozambique,Carne bovina,Apertura,CCI 2014-2015,Feb-15,05/04/2016,Apr-16,Detenido sin respuesta,"Se envia carta, ampliando a carne ovina debido a la no respuesta de carta de 2015. carta SAG N° 2110/2016",,,
INTECAR,Mozambique,Carne ovina,Apertura,CCI 2015-2016,Apr-16,05/04/2016,Apr-16,Detenido sin respuesta,Carta N° 882/2015. Se envia nueva carta ampliando solicitd a carne ovina,,,
,Nicaragua , Carnes y productos de Aves y Cerdos,Apertura,,14/03/2012,08/07/2014,2014,Pendiente SAG,"Se requiere  programar la visita de inspección. Se debe enviar  a Nicaragua una carta solicitando visita a los establecimientos cárnicos chilenos. A Nov 2016, la DPP esta cosultando a regiones el interés, luego enviara carta con la solicitud.CZE aceptados durante la XXIV Comisión de Libre Comercio Protocolo Bilateral Chile-Nicaragua. ",,,
,Nicaragua ,Platos preparados,Apertura,,2015,27/02/2015,,Pendiente Nicaragua,Pendiente respuesta Nicaragua.,,,
,Nigeria,Carne ave,Apertura,CCI 2015-2016,Sep-15,,Apr-16,"Detenido, sin respuesta","Se envia carta 5323/015, en septiembre de 2015. A la fecha sin respuesta. Se ha insistido en una respuesta en Durante la XXIV Comisión de Libre Comercio Protocolo Bilateral Chile-Nicaragua (diciembre 2015)..",,,
,Nueva Zelanda,"Productos cárnicos de cerdo, ",Apertura,,Feb-11,05/05/2015,,Pendiente NZ,"Para carne de cerdo, el MPI recuerda que en las dos ocasiones en que Chile realizó su solicitud (2010 y 2014), esta entidad estaba actualizando su análisis de riesgo, trabajando hacia un estándar general de una manera muy cuidadosa, ya que la industria nacional había demandado al MPI, defendiendo su mercado. Sostienen que quizás el año 2016 podría haber un avance.",,,
,Nueva Zelanda,Productos cárnicos de bovino,Apertura,,Feb-11,05/05/2015,,Pendiente NZ,"En reunión MPI-SAG, MPI señala no tienen registros de una solicitud formal para carne bovina propiamente tal. Agrega que existe un borrador a nivel de consulta nacional e internacional, que una vez listo tendría un plazo de 60 días para comentarios (ahora MPI señala que los requisitos serán regulados de la misma forma para todo país). ",,,
,Nueva Zelanda,Productos cárnicos aves,Apertura,,Feb-11,05/05/2015,,Pendiente NZ,"MPI señala que  Nueva Zelandia está preparando un marco regulatorio general para este producto. Mientras tanto comentan que pueden enviarnos estándares de exportación para carnes de pato, para ponernos en contexto. ",,,
,Nueva Zelanda,Cueros,Apertura,,Oct-14,08/11/2014,08/11/2014,Finalizado,Carta SAG N°6185/2014 con propuesta de CZE para la importación de cueros desde todos los países a Nueva Zelandia. 08.11.2014 DPP envía correo con formato final de certificado.,,,
,Nueva Zelanda,Ovinos,Apertura,,,,Sep-14,Detenido," No innovar. Los requisitos sanitarios ya existen, siempre que se cumplan se podría exportar. SAG consulta por el sistema de habilitación, NZ lo confirmará. DPP señala que sí existe interés, pero sugiere validar su aprobación en el CCI, debido a que NZ condiciona el tema a reciprocidad.  ",,,
Colmenas,Paraguay ,Bovinos vivos (reproducción),Apertura,,2014,01/07/2015,2015,Finalizado,CZE acordado,,,
Desert Bioenergy,Paraguay ,Carne deshuesada de cerdo,Apertura,,Jul-14,06/06/2016,,Pendiente Chile,"06.06.16 SENACSA a través de la carta UAI N°237/2016,  informa que para dar inicio a las exportaciones de carne de cerdo y ovinos  a Paraguay, es necesario una visita a los establecimientos, para ello solicita un listado de los interesado y propuesta de visita.",,,
,Paraguay ,Carne y subproductos aves,Apertura,,28/09/2016,28/11/2016,28/11/2016,Finalizado,"El 28.11.16 el SAG envía propuesta  de CZE  para carne de ave, basado en los requisitos enviados,  informa además que encaso de no tener observaciones por parte de SENACSA esta propuesta se utilizará a partir del 7 de noviembre.",,,
Mar Fusión S.A,Paraguay ,Carne y subproductos ovinos,Apertura,,2013,28/09/2016,,"Pendiente SAG,","En la reunión bilateral  de  28.09.2016,  SAG informó a SENACSA que enviará el listado de establecimeintos interesados en exportar carne porcina a Paraguay, y fecha para progrmar visita",,,
PIC Andina,Paraguay ,Huevos fertiles,Apertura,,Mar-14,13/11/2015,,Pendiente SAG,13.11.15 SENACSA (UAI N° 594) envía información sobre requisitos y procedimiento de autorización.,,,
Porcinos,Paraguay ,Tripas saladas  y sin sal de cerdo y bovino,Apertura,,05/12/2016,,,Pendiente Paraguay,,,,
,Paraguay ,Pizzas con ingredientes carnicos y cecinas ,Apertura,,Jul-16,,,Pendiente Paraguay,22.07.16 En carta N°4538/2016 se solicita requisitos sanitarios y procedimientos que se deben cumplir para la exportación de estos productos hacia Paraguay.,,,
,Perú,Abejas vivas,Apertura,Privados,Jun-14,29/07/2015,,Pendiente Perú,En julio 2015 se envia cuestinoario para que SENASA evalue la exigencias de ingreso.,,,
,Perú,Alimento consumo animal Nannochloropsis sp,Apertura,Privados,Jan-16,11/01/2016,May-16,"Finalizado, Sernapeca elaborara CZE","El 16 de mayo (Carta SAG N° 3091/2016), se informa que se enviara propuesta de CZE.SERNAPESCA elaborará propuesta de CZE.",,,
,Perú,Nutrimax 14,Apertura,Privados,Jan-16,16/05/2016,May-16,"Finalizado, Sernapeca elaborara CZE","El 27 de mayo 2016, SANIPES Perú informa que el producto no requiere registro sanitario para su comercialización considerando que es utilizado como materia prima, pero es necesario validar un Certificado Zoosanitario. SERNAPESCA elaborará propuesta de CZE",,,
,Perú,"Genetica porcina (semen, animales para reproduccción)",Apertura,Privados,Oct-14,01/06/2016,,Pendiente Perú,El 1 de junio (Carta SAG N° 3131/2016) se remite cuestionario pertinente para que se establezcan las condiciones de importación al Perú de estos productos. ,,,
,Perú,Plasma porcino,Apertura,Privados,Sep-15,05/09/2015,,Pendiente Perú,En septiembre 2015 se solicitan exigencias,,,
,Perú,Hamburguesas y nuggets de pollo ,Apertura,,,08/06/2016,,Pendiene SAG,"El 8 de junio se recibe Nota-0327-2016-MINAGRI-SENASA-DSA, en la cual se adjuntan las exigencias de importación al Perú para hamburguesas de pollo, con y sin aditivos y Nuggets al Perú.",,,
,Perú,Harina subproductos aves y harina de plumas,Apertura,,May-16,04/08/2016,,Pendiente Perú,"El 4 de agosto se remite Nota SAG N° 4755/2016, adjuntando los comentarios a nueva propuesta de CZE para harina de subproductos de ave y harina de plumas.",,,
,Perú,Ovinos vivos,Reapertura,SAG,Feb-15,,,Pendiente SAG,"En reunión bilateral del 03-05-2016, SAG solicita se reconozca a Chile como país libre de esta enfermedad. SENASA solicita dar respuesta a Carta SENASA-0864-2014-MINAGRI",,,
,Perú,Pizzas con ingredientes carnicos  ,Apertura,Privado,Aug-16,,,Pendiente Perú,"A través de carta SAG N° 4678/2016, se consultan las exigencias para este producto.",,,
,República Dominicana,CZE Carne ovina,Apertura,,13/10/2016,26/10/2016,Nov-16,Finalizado,07.11.2016 DIGEGA Informa la aprobación de la porpeusta de CZE.,,,
,República Dominicana,Pollo deshidratado para consumo humano,Apertura,,2015,04/08/2015,Aug-15,Finalizado., CZE acordado. Iniciadas las exportaciones.,,,
ASPROCER,Rusia,Carne de jabalies ,Apertura,Privado,Apr-14,01/03/2016,Jul-16,Finalizado,"AA indica que si Coexca u otra empresa desean exportar Jabalí a la UEE., SAG deberá solicitar a Rosselkhoznadzor que habiliten las plantas especialmente para Jabalí.  Dependerá de este Servicio que quieran o no enviar algún especialista a inspeccionar.  ",,,
EXPORLAC,Rusia,CZE carne bovina y subproductos.,Facilitación,SAG,Oct-14,18/10/2016,,Pendiente SAG,"Pendiente SAG. Bielorrusia no acepta modificación del CZE proponiendo una redacción al punto 4.3 de CZE acorado, esto aplicaría solo a las exportaciones de Bielorrusia.
Se debe buscar estrategia para agilizar tema. 
",,,
FAENACAR ,Rusia,CZE leche y productos lácteos.,Facilitación,SAG,Oct-14,28/09/2016,,Pendiente Rusia,"En octubre 2014, en carta SAG N°5762, se solicita modificar los requisitos del CZE para leche y productos lácteos de bovinos, ovinos y caprinos (modelo N°28), en relación a: Leucosis enzoótica, Brucelosis y Tuberculosis Bovina nos y caprinos y se elimine paratuberculosis bovina. El 6 de agosto de 2015 fue enviada última propuesta de CZE a la Agregaduría Agrícola. En reunion sotenida on Rusia en set. 2016 se reitera solicitud, Rusia indica que esta en anlaisi de los EM",,,
FAENACAR ,Rusia,Exportación de bovinos vivos a Rusia/UEE: ,Apertura,Privado,Jan-15,17/11/2016,,Pendiente SAG,"Se realiza visita de inspectores rusos del 7-14 de noviembre. En preparación cuestionario de apertura. Se realiza reunión de cierre de visita. Agregar acuerdos tomados. 
",,,
Prochaete,Rusia,Lácteos,Cuestionario para visita de verifiación ,Rusia,Apr-15,08/03/2016,,Pendiente Chile,Terminado.. Se han enviado por parte el cuestionario a AA para su traducción. Pendiente algunos capitulos que estan en revisión. ,,,
,Singapur,Equinos,Apertura,,Jun-15,22/06/2016,,Pendiente SAG,"Pendiente SAG. Cuestionario finalizado, DPP está solicitando apoyo a los privados para traducción",,,
,Singapur,Miel y prod. Colmena para consumo humano,Apertura,,Jul-16,08/07/2016,,Pendiente SAG,"El 8 de julio 2016, AVA (via mail) indica que la miel es considerada un producto procesado y se informa procedimiento de internación.  ",,,
FAENACAR ,Tailandia,Leche y porductos lacteos,Apertura,,Dec-15,08/06/2016,,Pendiente Tailandia,"El 22 de marzo de 2016 vía Carta SAG N° 1780.2016, se solicitan las exigencias sanitarias, procedimientos  para importar estos productos y proceso de autorización de establecimientos.El 8 de junio de 2016 y considerando la reunión MSF del TLC, se envían prioridades pecuarias (carta SAG N° 3655/2016; Nota Embajada V008/2016). El orden de prioridad corresponde a: Carne de cerdo- Leche y productos lácteos- Carne y subproductos ovinos y ovinos- Cueros salados",,,
,Tailandia,Carne subproductos de ovino y bovino,Apertura,Gremio,Mar-13,07/04/2016,,Pendiente Tailandia,"En Reunión MSF entre Chile y Tailandia, se solicita cuestionario necesario a preparar para iniciar esta apertura, junto a proceso de habilitación y exigencias halal. Una vez recibido se evaluará si es priorizado.",,,
,Tailandia,"Alimento para peces ""PROCHAETE FMR60""",Apertura,Privados,Jan-16,07/01/2016,,Pendiente Tailandia,El 7 de enero 2016 se solicita a la Oficina Comercial de Chile en Tailandia gestionar exigencias para este producto.,,,
,Taiwan ,"Carne de ave, cerdo, bovino y ovino",Apertura,,Jan-07,21/09/2016,,Pendiente Chile a fin de llegar a una estrategia comun para enfrentar esta apertura. ,"Se reactiva tema  durante el mes de oct. 2016 debidoo al interes de exportar carne bovina. La AC ante consulta SAG indica que: A día de hoy, ningún producto cárnico chileno tiene acceso a mercado en Taiwán. Esta oficina ha venido realizando un trabajo de presión con el MOFA y el BOFT. La decisión de dar acceso a mercado en Taiwán no involucra únicamente a los organismos técnicos (BAPHIQ/TFDA) sino que intervienen en esta MOFA, BOFT y el COA, por lo que la decisión tiene un cariz más bien político. La exención de visas bilateral concretada a inicios del 2016 se ha tomado como paso inicial de generación de confianzas bilaterales, y MOFA está consciente de que está en deuda con Chile por este tema.Para progresar hacia la apertura de mercado es necesario coordinar una estrategia con todos los actores hacia este objetivo, y esta estrategia debe prepararse en Chile. En función de lo anterior, la Oficom ya hizo llegar a DIRECON una propuesta de acción.",,,
,Turquía,Carne bovina,Apertura,,Jul-11,13/08/2015,,Pendiente SAG y Turquia,"Abril 2015:En reunion del III comité Chile Turquia la AC solicita que junto con el cestionario se remita propuesta de CZE, con listado de establecimientos interesados para visita. El 13 de agosto 2016 se solicita  se informe costos de visita.",,,
,Turquía,"Carnes y subproductos de ovinos, cerdos y aves",Apertura,,Jan-10,30/04/2015,,Pendiente SAG,"En abril de 2015 en reunión del III Comité conjunto Chile-Turquía, del TLC,  la AS Turca entregó un modelo de CZE para carne de ave y ovina. Sobre carne ovina, informo que es un producto y que se requiere interés de un importador turco. En el caso de carne de cerdo, no existe demanda en su país tal vez para embutidos, en este caso aceptan el CZE para la UE.
",,,
,Turquía,Miel de abejas,Apertura,,Feb-13,30/04/2015,,Pendiente SAG,"En reunión del III Comité conjunto Chile-Turquía, del TLC, realizada en Abril de 2015 en Turquía, la Autoridad Turca entrego un modelo de CZE para miel.",,,
,Ucrania,Carne de cerdos,Apertura,CCI 2015-2016,Aug-15,21/03/2016,,Pendiente Ucrania, Reiniciadas conversaciones con la actual autoridad sanitaria. Pendiente AS de Ucrania. Enviado recordatorio a AC en Argentina,,,
,Ucrania,Carne ovina y carne bovina,Apertura,CCI 2015-2016,Aug-15,21/03/2016,,Pendiente Ucrania, Reiniciadas conversaciones con la actual autoridad sanitaria. Pendiente AS de Ucrania. Enviado recordatorio a AC en Argentina,,,
,India,Lacteos,Apertura,Privado,Oct-12,01/11/2014,Nov-14,Finalizado. ,"17.11.2014: India comunica que acepta la propuesta de Certificado para estos productos. Dado que India no realiza visita de habilitación, ni tampoco  publica los requisitos de exportación acordados en cada caso, se puede considerar que se ha logrado la apertura de mercado y los interesados pueden iniciar las exportaciones. No es necesario enviar listado de establecimientos, sólo se requiere señalar que el producto proviene de un establecimiento autorizado cada vez que se emita certificado. India utiliza PZI. ",,,
,México, Bovinos vivos con fines de engorda o sacrificio,Apertura,,Apr-16,04/11/2016,,Pendiente SAG,"Se recepciona Carta B00.02.03.01.01.-0743-16 8172 en respuesta carta SAG N°2671/2016 relativa a bovinos de engorda, se solicitan modificaciones en propuesta de CZE. ",,,
,México,Abejorros,Apertura,,May-14,02/07/2014,Jul-14,"Finalizado, no abierto. ","Se solicita a SENASICA propuesta de HRZ, a fin de proponer un Certificado Zoosanitario de Exportación. Mexico responde que es imposible aceptar la importación de este producto debido a su condición de especie invasora, de alto impacto a la biodiversidad.",,,
,México,Cera de abeja de uso industrial,Apertura,,Jun-14,02/07/2014,,Pendiente SAG. ,"02.07.2014: Oficio N° 460 de SENASICA, solicita el envío del modelo de CZE para su verificación. También envía propuesta de requisitos sanitarios. ",,,
,México,Cueros curtidos terminados,Apertura,,Jun-15,30/05/2016,May-16,Finalizado,"A través de correo electrónico de AA, se recibe oficio N B00.02.03.01.01.-0996/2016 Senasica acepta garantías de CZE enviado y solicita el envío de dos ejemplares originales. 

",,,
,México,Huevo fértil y pollitos de un día,Apertura,,Apr-13,28/10/2016,Oct-16,Finalizado,"26.09.2016: AA envía  oficio B00.02.03.01.01.-0841-16 6806 de SENASICA, en referencia a la autorización para la importación del producto “huevo fértil” a México. ",,,
,México,Lana peinada de ovino,Apertura,,Mar-15,30/05/2016,Nov-16,Finalizado,30.05.2016: En carta SAG N° 3444/2016 se adjunta CZE ,,,
,México,Pizzas,Apertura,,Jul-16,14/11/2016,,Pendiente SAG.  Debe enviar fichas técnicas. ,"14.11.2015: AA solicita a al SAG las fichas técnicas de cada producto para continuar con esta gestión. Se trata de pizzas de jamón, jamón serrano, pepperoni, y salame, en donde México requiere revisar la especie animal de los ingredientes, además de ver si se sometieron a algún proceso térmico y bajo qué condiciones de temperatura.",,,
,México,Abejas,Apertura,,Jun-16,30/06/2016,,Pendiente SAG. ,30.06.2016: En Oficio No. B00.02.03.01.01.-0642-16 4551 de SENASICA se adjunta nueva propuesta de requisitos sanitarios para importar esta mercancía.,,,
,México,Aves de exhibición y zoologico,Apertura,,Oct-14,18/03/2016,,Pendiente respuesta de SENASICA a modelo de CZE.,"En carta SAG N°1669/2016 se adjunta modelo de CZE, que incluye, la certificación solicitada en el Oficio No. B00.02.03.01.01.-0126-16 1461 de SENASICA. ",,,
,México,Trofeos de caza sin montar,Apertura,AA,Jun-16,13/09/2016,,Pendiente Senasica. ,Enviados CZE originales a AA.,,,
,Colombia,Aceite de ave,Apertura,Privados,Jun-16,30/06/2016,,Pendiente SAG,"El 31 de agosto 2016, se recibe Nota ICA N° 20162116114 indicando las exigencias a cumplir. Se debe analizar y responder si es posible de cumplir.",,,
,Ecuador,Pizzas c/s ingredientes carnicos,Apertura,Privados,Aug-16,,,Pendiente Ecuador,"1.08.2016: A través de carta 4679/2016 se informa interés de Chile de exportar pizzas, se solicita las exigencias sanitarias y procedimientos a cumplir para la exportación de este producto",,,
,Ecuador,Ovinos vivos,Apertura,,Jun-15,21/12/2015,Jan-16,Finalizado,"El 04 de enero de 2016 (Carta 1/2016) se solicita última modificación al CZE para este producto (modificación prueba diagnóstica para Agalaxia Contagiosa). Esta es aprobada a través de Oficio Nro. MAGAP-DE/AGROCALIDAD-2016-000005-OF, acordándose el CZE. Todo establecimiento interesado debe enviar Anexo 2. Actualmete solo 1 predio autorizado.",,,
,Ecuador,Cueros bovinos ,Apertura,,Mar-15,,Apr-15,Finalizado,"El 19 de abril de 2015, el Dr. Julio Mejia de AGROCALIDAD envía protocolo final para este producto. El 24 de abril, confirma mediante mail la validez del CZE.",,,
,Indonesia,Carne bovina,Apertura,Gremio,Jan-13,,Jul-05,"Detenido, halal 100%", De acuerdo a los requisitos de Indonesia el establecimiento debe ser 100% halal. No existe factibilidad en la actualidad para cumplir con este requisito,,,
,Indonesia,Lacteos,Apertura,Gremio,Jul-12,29.01.2016,,Pendiente Indonesia,El 29 de enero 2016 AA informa que para los lácteos deben tener certificación Halal y autorización sanitaria. El proceso de habilitación como certificadora Halal del Centro Islámico de Chile quedó detenido hace ya 3 años. Se están haciendo gestiones para retomarlo y terminar el proceso. También habría que completar un cuestionario. Se reitera solictud de requisito halal en ingles. ,,,
,Sudáfrica,Carne ovina,Apertura,,Mar-16,01/11/2016,,Pendiente Sudáfrica,"El 4 de marzo 2016, mediante carta SAG N°1353, se solicita información sobre las condiciones y requisitos que debe cumplir Chile para hacer factible esta exportación, información que es derivada a la Dr Caroline Gibbs, e-mail: CarolineG@daff.gov.za . En noviembre se solicita a AC gestionar.",,,
,Sudáfrica,Carnicos procesados,Apertura,,Nov-16,,,Pendiente AC,Se informa via correo ineres de Cgile a AC para que gestione requistos,,,
,Sudáfrica,Equinos,Apertura,,Aug-16,01/10/2016,,Pendiente SAG,"Sudáfrica infor,ma que se requiere enviar infomaion para evaluar pais. ",,,
,Tailandia,Carne ovina-bovina,Apertura,FAENACAR,Apr-13,17/11/2016,,Pendiente Tailandia,"Mediante Carta N° 6897/2016, se envian CD's con la información de dos establecimientos que optan a la habilitación, atarves de DIRECON. Pendiente aprobacvión SAG, información enviada septiembre 2015.",,,
ASPROCER,Tailandia,Carne de cerdo,Apertura,Gremio,Sep-12,01/11/2016,,Pendiente Tailandia,"En septiembre de 2012 se envía cuestionario con la información requerida.El 8 de abril de 2016, DIRECON comunica los resultados de la reunión MSF realizada dentro del Acuerdo de Libre Comercio con Tailandia, sobre carne de cerdo se informa que en junio de 2016 se responderá la solicitud chilena.El 8 de junio de 2016 y considerando la reunión MSF del TLC, se envían prioridades pecuarias (carta SAG N° 3655/2016; Nota Embajada V008/2016). El orden de prioridad corresponde a: Carne de cerdo- Leche y productos lácteos- Carne y subproductos ovinos y ovinos- Cueros salados.Durante noviembre 2016, se inisiste enr espuesta por medio de oficina Comercial de Chile en la región",,,
,Tailandia,Cueros salados de varias especies,Apertura,,Sep-13,08/04/2016,,Pendiente Tailandia,"El 8 de abril de 2016, DIRECON comunica los resultados de la reunión MSF realizada dentro del Acuerdo de Libre Comercio con Tailandia, sobre los cueros de diversas especies el Servicio Veterinario de Tailandia comento que se ha demorado debido a cambios de normativa, se comprometió a enviar los antecedentes",,,
,Venezuela,"Harina de vísceras de ave, Harina de plumas y Aceite de ave para consumo animal",Apertura,,Aug-14,,,Pendiente Venezuela,Mediante carta N° 4572 de fecha 04 de agosto de 2014 se solicitan los requisitos para ingresar estos productos a Venezuela y se adjunta propuesta de CZE.,,,
,Venezuela,Alimentos para mascotas (perros y gatos),Apertura,,Sep-14,,,Pendiente Venezuela,Mediante carta N° 4572 de fecha 04 de agosto de 2014 se solicitan los requisitos para ingresar estos productos a Venezuela y se adjunta propuesta de CZE.,,,
,Vietnam,Lacteos,Apertura,Gremio,setp-2012,20/09/2016,,Pendiente SAG,"El 12 de septiembre se solicita apoyo a la Embajada de Chile en Vietnam para traducir el CZE a idioma vietnamita (se recibe el 22 de septiembre). Actualmente en trámite de validación (gestión de DIRECON/Depto. Regulatorio). El 20 de septiembre se remite Nota de DPP a Exporlac, informando la documentación requerida para la certificación sanitaria.",,,
,Vietnam,"Carne y subproductos de ave, cerdo, bovino y ovino",Apertura,Gremios,Jun-09,14/11/2016,,Pendiente Vietnam y Gremio,"En septiembre 2016, se recibe Nota del DAH informando la finalización de la etapa de análisis documental. Solicita el envío de las propuestas de CZE e informa que requiere organizar una visita para verificar el sistema productivo. Se propondrá visita para el 27 de marzo al 7 de abril o 17 al 28 de abril 2017. El 14 de noviembre 2016, se solicita Nota a DPP, adjuntando la información requerida en carta N°2225/TY-KH.",,,
,Vietnam,CUEROS DE CERDO Y EQUINO,Apertura,,sept-2013,15/11/2016,,Pendiente interesados,"El 4 de enero 2016 se recibe carta N°2225/TY-KH, del 9 de noviembre 2015. Se solicita que las empresas nacionales presenten  información.El 14 de noviembre 2016, se solicita Nota a DPP, adjuntando la información requerida en carta N°2225/TY-KH.",,,
ASPROCER,Australia,Carne de cerdo,Apertura,CCI 2012-2013,May-12,15/06/2012,Oct-12,detenido,"Australia señala pasos a seguir. DPP evalúa resultados del IRA, para ver la factibilidad de cumplir los requisitos, para ello sostiene una reunión con ASPROCER, quien señalará si en términos comerciales se justifica continuar con esta acción.  Sin avance, no innovar. En reunoón en oct. 2016 Australia indica que actulamente ningun pais exporta a Australia care de cerdo fresca.",,,
EXPORLAC,Australia,Lácteos,Apertura,,Apr-14,21/10/2016,,Pendiente Australia," El 21.10.16 DPP envió los modelos de certificados para PRODUCTOS LÁCTEOS (DISTINTOS AL QUESO Y MANTEQUILLA) DE ORIGEN BOVINO, 
PRODUCTOS LÁCTEOS (DISTINTOS AL QUESO Y MANTEQUILLA) DE ORIGEN OVINO Y/O CAPRINO y QUESO Y MANTEQUILLA, a la Embajada de Australia de acuerdo a lo conversado en reunion del 4 de octubre.

 
",,,
INTECAR,Australia,Carne de ave ,Apertura,,Mar-08,25/10/2016,,Pendiene Chile,"25.10.2016: Se sostiene reunión con gremios de carne de aves y cerdos en ODEPA, SAG informa los problemas y solicita decisión del gremio para continuar proceso de apertura, considerando recursos necesarios. El gremio indica que se debe avanzar. Dr. Gonzalez (DPP) indica que se está elaborando plan de vigilancia para Gumboro y caracterización viral, y salmonelas. 
Se decide que DPP elaborar un plan junto con el gremio. 
 ",,,
,Australia,Cáscara de huevos de perdiz,Apertura,,Mar-16,14/03/2016,May-16,Finalizado,"Australia entrega instrucciones para internar este producto. Si el producto está siendo importado con fines comerciales, se requerirá una declaración del productor que atestigüe la especie de ave de la cual han sido obtenidos los huevos, y una descripción de la preparación y procesamiento",,,
,Australia,Fibras de guanaco,Apertura,,Mar-14,18/04/2015,Jun-16,Detenido,En julio de 2015 se solicita a DPP confirmar si persiste el interés por gestionar esta apertura y esta División responde que lo revisarán. Se insiste nuevamente en diciembre de 2015. La DAI insite sobre este tema en correspondencia del 18 de abril.,,,
,Australia,Miel de abejas,Apertura,,Jan-15,22/05/2016,,Pendiente SAG,"DPP  trabaja en propuesta de certificado, que debe ser revisada y definida por la División Técnica. 30.06.2016: Se discuten requisitos con DPP, que ha revisado casos de otros países. Pendiente nueva revisión.",,,
,Australia,"Tripas de ovino, bovino, caprino y porcino",Mantención,,Feb-14,11/07/2014,Aug-14,Finalizado,"A raíz de un permiso de importación emitido por el DAFF, con validez hasta julio de 2014, se inicia la exportación de tripas.  DAFF comunica que se han establecido requisitos específicos, que se aplicarán a las partidas exportadas con posterioridad a la expiración del referido permiso de importación. Australia responde carta SAG del 20 de febrero del 2014,  sobre la negociación de los CZEs. Australia (Nota Verbal CH 102/14) informa que a partir del 10 de agosto del 2014 se espera que los cargamentos estén acompañados por el CZE acordado. ",,,
,Australia,Equinos,Apertura,Privados,Aug-16,,,Pendiente SAG,"27.09.2016: Australia informa que el Sag debe ser evaluado, y eta dependera de la priorización del depatamento de bioseguridad animal Australia.  ",,,
,Canadá,Cueros salados con y sin lana y lana sucia de guanaco,Apertura,,Apr-14,29/10/2014,Oct-14,Finalizado,"En septiembre de 2014 Canadá envía requisitos sanitarios. SAG envía propuesta de CZE (nota N°6165/2014), misma que es aceptada por Canadá.",,,
,Canadá,"Pieles silvestres de castor, rata almizclera y visón.",Apertura,,Nov-15,12/11/2015,Nov-15,Finalizado,"En carta SAG N°6671 se solicitan requisitos sanitarios para exportación pieles silvestres castor (Castor canadensis), rata almizclera (Ondatra zibethicus) y visón (Neovison vison). CFIA responde que no se requiere CZE para pieles y cueros secos o curtidos de estos y otros animales. Si se tratara de pieles sin tratamiento, deberán acompañarse de un CZE oficial que establezca que las pieles se producen a partir de animales sanos, libres de enfermedades contagiosas.",,,
,Canadá,Equinos vivos,Mantención,,Apr-15,27/05/2016,,Pendiente Chile, CFIA consulta por recepción de la información y si SAG está elaborando una propuesta. Se confirma recepción y se da aviso de que el tema está en análisis.,,,
,China,Miel de abejas,Apertura,Gremio,Nov-12,01/11/2016,,Pendiente China. Pendiente Sag,Se realiza vista de inspectores Chinos. Durante vista China solicita que se envie informacion,,,
,China,SABORIZANTES PARA ALIMENTO DE MASCOTAS,Apertura,CCI 2015-2016,Dec-14,22/09/2016,,Pendiente SAG,"Cuestionario Finalizado y traducido. Falta solo Informe de sanidad 2015., pendiente DPP se vuelve a solicitar. ",,,
,China,Alfalfa,Apertura,Privados,Aug-15,13/10/2015,Dec-15,Detenido,Apertura a Priorizar,,,
