Gremio/empresa interesada,Pais,Producto,Tipo,Ingreso de Solicitud, Inicio,Fecha ultima gestión,Fecha apertura,Estado,Observaciones
VIVEROS,Brasil,Bulbos de Lilium,Apertura,,,17/02/2017,,Pendiente Brasil,"Definido por la DPAF como 1° priorización (febrero del 2017) (bajo el protocolo: N°21000.035208/2016-95 de Brasil).  15.02.17 mediante oficio N°48/2017/DSV-DSV-MAPA, solicita aclaración a la información  sobre los tratamientos de inmersión autorizados para el control de nematodos en bulbos de lilium (solicita dosis del IA y no del producto comercial). Una vez aclarados esta información y la revisión  de esta se procederá a la elaboración de la normativa."
VIVEROS,Brasil,Plantas de Arándanos,Apertura,,04/07/2008,11/12/2016,,Pendiente Brasil,"Definido por la DPAF como 3° priorización  febrero 2017. El  06.01.17 en el informe de gestión de la AAB de octubre-diciembre 2016, señala que se enviaron todos los documentos por parte del SAG relacionados en el proceso. En noviembre, la AAB consulta directamente a la ONPF brasileña si ya fueron incluidos en la digitalización del proceso todos los documentos que chile envió nuevamente y los cuales no se encontraba en la carpeta del proceso por extravío. "
ASOEX,Brasil,System Approach de Kiwi  (Actinidia deliciosa),Facilitación,,,13/06/2016,31/05/2016,Finalizado,Desde el 31 de mayo 2016 el SAG se da inicio a la certificación para la  exportación de frutos frescos de kiwi bajo System approach.  
VIVEROS,Brasil,Estacas de Vid,Apertura,,01/10/2012,6/01/2017,,Pendiente Brasil,"Definido por DPAF como 2da prioridad. El 06.01.17 en el informe de gestión de la AAB, señala que en noviembre de 2016, la AAB consulta  al MAPA, si aún está pendientes la confirmación la unión del ARP de la solicitud del sector privado y por el SAG, como solo uno, y solicitó dar prioridad a este proceso.  Lo anterior permite definir que se trata de estacas de vid enraizadas, lo cual el sector privado no incluyó en su solicitud, y que generó confusión  por los comentarios realizados por el SAG en el texto de la propuesta de normativa del MAPA. 


"
,Brasil,Bulbo de tulipan ,Facilitacion,,,,1/02/2015,Finalizado. Pendiente solicitud de eliminación de Tulip breaking virus.,Brasil publica en su Diario Oficial (03.02.2015) la eliminación de los Requisitos Fitosanitarios al virus Lily symptomless virus. Pendiente solicitud de eliminación de Tulip breaking virus.
,Brasil,"SEMILLAS DE COLIFLOR, BRÓCOLI, PEPINO Y LECHUGA",Apertura,,,,1/09/2015,Finalizado,"Brasil publica nueva normativa IN 16, que establece los requisitos de importación para semillas de varios orígenes destinadas a propagación. 03.09.15"
,Brasil,Granadas y arilos de granada,Apertura,,01/03/2010,30/11/2016,,Pendiente Brasil,"Según informe de gestión de la AA de octubre-diciembre del 2016, informa que el MAPA deber confirmar si los procesos para granada y arilos de granada, están separados para cada producto o como fue solicitado en la última reunión bilateral, como sólo un proceso."
,Brasil,Flores de Tulipan ,Apertura,,21/08/2013,1/11/2016,,Pendiente MAPA Brasil,"El informe de gestión de la AA de octubre-diciembre del 2016, informa que el centro colaborador envió a la AA el informe de ARP corregido con la especie T. gesneriana. Se solicitó una reunión con el Director de la DSV, para analizar como continuar este proceso, debido a que en este período el Centro colaborador perdió su acreditación ante el MAPA."
,Brasil,Semilla de esparrago,Apertura,,15/07/2015,27/01/2017,,Pendiente Brasil,"Definido por la DPAF como 4° priorización (30 marzo 2016). EL 27.01.17 en carta SAG N°638/2017,  reponde  oficio 327/2015 se señala el interés en  exportar hacia Brasil semillas de espárragos (Asparagus officinalis) y se  solicita  el cuestionario necesario para iniciar el Análisis de Riesgo de Plagas correspondiente."
,Irán ,Bulbos de lilium ,Apertura,Southern Bulbs S.A ,01/11/2014,30/03/2016,,Pendiente Irán ,"El 30 de marzo de 2016, se envía cuestionario de ARP para la exportación de bulbos de lilium spp. a la ONPF de Irán. Los bulbos de Gladiolus se descartan por no existir interés del gremio.El 11 de octubre 2016, ONPF de Irán confirma recepción y trabajo en este asunto."
,Irán ,Nueces con cascara,Apertura,,24/05/2016,18/01/2017,,Pendiente Irán ,"El 26 de septiembre 2016 Mr. Akbar Ahangaran del Boreau of Plant Quarentine (Plant protection Organization), informa que este es un producto prohibido de acuerdo a las Regulaciones del Ministerio de Agrícultura local. En enero de 2017 DIRECON envia oficio solicitando apoyo a la representación concurrente en este pais para conocer causas de esta prohibición. 
"
ASOEX,Israel,Arandanos,Apertura,Gremio,31/01/2013,14/10/2016,,Pendiente Israel,A traves de mail se envian comentarios a la propuesta de exigencias planteadas por Israel. Se comenta el daño que provoca el bromuro a este producto y se indica que la inspección aplicada por SAG es suficiente para certificar un envío con nivel adecuado de protección.
,Israel,Tejido de limonium,Permiso importación: requisitos,,12/08/2016,21/12/2016,,Pendiente Israel,El 11 de septiembre 2016 se recibe propuesta de exigencias desde el PPIS de Israel. Se aceptan en general las observaciones de Chile. Pendiente confirmación (se insiste el 21/12/2016).
,Malasia,Madera aserrada seca E. regnans,Apertura,ProSylva,01/07/2016,28/11/2016,,Pendiente Malasia,"Cuestionario de ARP enviado a fines de noviembre, pendiente analisis ONPF Iran."
,Brasil,Semillas de Maiz,Apertura,ANPROS,02/02/2017,6/02/2017,,Pendiente MAPA,"El análisis de la información del ARP entregado el 2013 comenzaría en marzo del 2017. El 30 de 03 del 17, vía mail a Agregada Agrícola, DPAF informa que el alcance del ARP es nacional y que aplica a todas las empresas que producen semilla de maíz en Chile.
"
,Brasil,Trufas,Apertura,Asociación chilena de truficultores,11/12/2015,6/01/2017,,Pendiente MAPA y truficultores.,"06.01.17 Según informe de gestión de la AA de octubre-diciembre del 2016, luego de la reunión  entre AA y  la DSV-MAPA, la ONPF brasileña informa que el proceso está en lista de espera para realizar la fase final del ARP. Además señala que la Asociación chilena de Truficultores debe definir la realización del ARP Vía ONPF o Vía centro colaborador "
ASOEX,Tailandia,Peras,Apertura,ASOEX,01/07/2013,3/02/2017,,Pendiente Tailandia,"Cuestionario de ARP enviado en junio 2015.El 8 de junio de 2016 y considerando la reunión MSF del TLC, se envían prioridades agrícolas (carta SAG N° 3682/2016; Nota Embajada V009/2016). El orden de prioridad corresponde a: Frutos de Pera- semillas de maíz- semillas de repollo. A traves de carta N° 822 se insiste interes de apertura de este fruto. "
Syngenta,Tailandia,Semillas de maiz- investigación,Apertura,Privados,30/08/2013,14/09/2016,,Pendiente Tailandia,"En reunión MSF Chile-Tailandia, Se entregan los requisitos para este producto y se indica que el permiso de importación para investigación deberá ser solicitado en cada envío. Cuestionario de ARP enviado en mayo 2015.Una vez recibidas las exigencias fitosanitarias, se envian comentariosrespecto a la dosis de fumigación, al tratamiento antifungico y se solicita retirar algunas plagas, dao que no estan presentes en Chile."
,Tailandia,Semillas de repollo,Apertura,Privados,01/02/2016,8/06/2016,,Pendiente Tailandia,"El 8 de junio de 2016 y considerando la reunión MSF del TLC, se envían prioridades agrícolas (carta SAG N° 3682/2016; Nota Embajada V009/2016). El orden de prioridad corresponde a: Frutos de Pera- semillas de maíz- semillas de repollo."
CORMA,Tailandia,Requisitos fitosanisarios tableros,Apertura,SAG,21/12/2015,7/04/2016,,Pendiente Tailandia,????
ANPROS,Vietnam,"Reapertura:Reemisión de permisos de exportación para Kiwi, Manzana, Cereza y Uva",Reapertura,SAG,01/12/2014,23/01/2017,,"En proceso, se finaliza uva desde 1 de feb. 2017 se inicia emisión de PFI. ","23.-01.2017:  A traves de carta N°540 se agradece la información de que desde el 1 de Febrero 2017comenzaran a emitir los Permisos Fitosanitarios de
Importación (PFI) para uva. Se solicita ademas avanzar en el proceso asociado al ingreso de las especies que registran comercio histórico, como son las manzanas y kiwis."
ANPROS,Vietnam,ARÁNDANO Y LIMÓN (FRUTA FRESCA),Apertura,Gremio,01/11/2014,6/07/2015,,"Detenido, sin interes de gremio",El 6 de julio 2015 se solicita respuesta de cuestionario a ASOEX.
,Vietnam,Bulbos de lilium spp,Apertura,,01/11/2014,25/01/2017,,Pendiente Vietnam. Se exporta con PFI,25.01.2017: A traves de carta N° 590 se solicita  respuesta a lo consultado en carta N° 7351 de 07 de diciembre de 2016
ASOEX,Canadá,Carozos a British Columbia,Facilitación,,,4/02/2015,,"Detenido, sin interes del gremio",
ASOEX,EE.UU,Uva de Mesa,Facilitación,ASOEX,01/03/2012,04.10.2016,,Pendiente EEUU,"Mercado Abierto con fumigación. Pendiente análisis APHIS en relación a las regiones III, IV y  V  para  System  Approach  de  Brevipalpus  chilensis.21.06.2016: En carta N°3922/2016 se adjunta informe final del Sistema de Vigilancia del Programa Nacional de L.botrana Temporada 2015/2016, para análisis de APHIS. Tema detenido para avanzar con System approach en arándanos."
ASOEX,EE.UU,Chirimoya,Facilitación,,01/01/2007,1/12/2016,,Pendiente EEUU,"En Comité TLC USA-Chile, Chile solicita avanzar en este tema, sin embargo USA contesta que no se puede comprometer a una fecha exacta para la publicación de la Norma Final de S.Approach. Podrían haber novedades en enero-febrero 2017."
,EE.UU,Higo (Ficus carica),Apertura,,,,Dec-11,Finalizado,
ASOEX,EE.UU,Higo,Facilitación,,01/01/2012,6/03/2015,Aug-15,Finalizado,"APHIS comunica publicación de nuevo esquema de tratamiento en Manual de Tratamiento PPQ, en el Federal Register (detalles en minuta marzo 2016)."
ASOEX,EE.UU,Limones,Facilitación,,01/04/2013,1/12/2016,,Pendiente EEUU,"En Comité TLC USA-Chile, Chile solicita avanzar en este tema, sin embargo USA contesta que no se puede comprometer a una fecha exacta para la publicación de la Norma Final de S.Approach. Podrían haber novedades en enero-febrero 2017."
ASOEX,EE.UU,Arandanos,Facilitación,,01/01/2013,1/12/2016,,Pendiente SAG,"El año 2013 APHIS dispone la fumigación en origen para fruta de las regiones VI, VII y VIII. El 2014 APHIS emite la orden federal que autoriza la fumigación en destino. Se está analizando la respuesta, ya que la propuesta enviada por APHIS sólo podrán exportar a EEUU con System approach las comunas que tengan un nivel de captura de hasta 1 individuo adulto capturado en trampa (Incluidas trampas en área urbana, en cultivos de vid y arándanos), con esto sólo se podría exportar de un par de comunas de la octava región las cuales tienen poca relevancia para el cultivo. En abril 2017 se espera la visita de la zona Russell Duncan Encargado de APHIS/IS para Sudamérica, a quien se espera hacer una presentación de la plaga en la región del Bío-Bío, posterior a esta visita se definirá sobre la respuesta a esta nota. Aún no se conoce el resultado de esta visita."
ASOEX,EE.UU,Frutos cítricos híbridos,Apertura,,12/11/2014,1/12/2016,,Pendiente EEUU,"En reunion dic 2016 SAG reitera solicitud de respuesta, considerando que SAG acepto esta misma situacion a EEUU"
,EE.UU,Semillas de puerro provenientes de Argentina,Apertura,,01/12/2014,6/03/2015,,Tema Detenido,"Aphis consulta por el propósito de exportación de las semillas, y SAG contesta que tendría fines de propagación. A la espera de respuesta por parte de APHIS. En comunicaciones informales con AA se ha sugerido a SAG que como este tema no es prioritario, no se ha analizado."
,EE.UU,Apio fresco,Apertura,, 27.02.2014,1/05/2015,,Pendiente interesado,01.05.2015: Aphis envía cuestionario para ser llenado por interesados. A la espera de la completación de cuestionario para reenviar a Aphis.
,EE.UU,Porotos granados,Apertura,,19/02/2015,19/02/2015,,Pendiente EEUU,"Carta SAG N°944/2015 solicita requisitos fitosanitarios para exportar este producto a Estados Unidos. Se adjunta situación fitosanitaria de este cultivo en Chile. A la espera de respuesta por parte de APHIS. En comunicaciones informales con AA se ha sugerido a SAG que como este tema no es prioritario, no se ha analizado."
HORTIFRUT,EE.UU,Plantas convencionales e in vitro de Zarzamora (Rubus fruticosus) y Frambuesa (Rubus idaeus),Apertura,,26/04/2016,17/06/2016,,Pendiente EEUU,18.05.2016: Mediante carta SAG N°3174 se envía cuestionario consolidado. En análisis de APHIS. 
VIVEROS DE CHILE,EE.UU,Plantas y esquejes de almendro ,Apertura,CCI 2015-2016,01/07/2015,27/04/2016,Jun-16,"Tema detenido, sin interes de la empresa","En septiembre de 2015 la División técnica entrega información solicitada por APHIS, en lo que atañe al Servicio. Pendiente información solicitada a la empresa, por lo que en marzo de 2016 se reenvía cuestionario para ser completado.Se consulta a Viveros de Chile acerca del cuestionario. Informan que la empresa interesada ha perdido el interés."
ASOEX,EE.UU,Cranberries,Apertura,,01/01/2012,9/09/2015,Sep-15,Finalizado," El 09.09.2015 APHIS publica Notificación en el Federal Register que autoriza a partir de esta fecha, la importación de cranberries (Vaccinium macrocarpon) frescos desde Chile hacia el territorio continental de los Estados Unidos. "
ASOEX,EE.UU,Pimiento para fines ornamentales (Revisar desde marzo 2014),Apertura,,01/02/2013,,Sep-15,Tema detenido. ,"En febrero de 2013 SAG envía información técnica para desarrollar el ARP.  Producto no incluido en las prioridades, APHIS no lo verá hasta concluir con los productos priorizados. Tema detenido. Ver minuta sept.2015"
ASOEX,EE.UU,Ruibarbo para consumo humano,Apertura,,01/08/2013,14/01/2015,Sep-15,Tema detenido sin respuesta de empresa. ,"SAG solicita los requisitos para exportar esta especie, orientada al consumo humano. En septiembre de 2013 APHIS solicita información adicional, para realizar el ARP.  En noviembre de 2013 APHIS, durante reunión con AA, solicita priorizar este producto. Se insiste en la respuesta de cuestionario. DPAF señala que se consultó a ASOEX, y que la empresa originalmente interesada no ha respondido. "
ASOEX,Guatemala,Arándanos frescos,Apertura,Privado,20/10/2015,13/05/2016,,Pendiente MAGA,"MAGA debe responder carta enviada por el SAG SAG N°2211/2016, enviada en abril del 2016. Aún se mantiene la discusión respecto a la eliminación de Pseudococcus viburni de los requisitos fitosanitarios."
,Costa Rica,Chapa de eucaliptus,Apertura,,28/08/2015,1/10/2015,Oct-15,Finalizado,.El  20.10.15 MAG envía nota DSFE N°826 con los requisitos fitosanitarios.
,Guatemala,Tableros contrachapados,Apertura,,01/02/2016,6/04/2016,julio-2016,Finalizado,Se informa que La madera contrachapada no requiere permiso de importación por ser un producto procesado. 
,Panamá,Maderas aserradas secas en horno de Pinus radiata,Apertura,,26/03/2015,6/04/2016,Sep-15,Finalizado,Panamá envío requisitos  al AA en septiembre del 2015. Recien en abril 2016 el SAG fue informado.
,Panamá,Requisitos fitosanitarios de cebolla ,Reapertura,,01/02/2016,6/04/2016,Oct-16,Finalizado,"10.10.16 a través de la Nota adjunta AUPSA-DINAN-217-2016, Panamá da respuesta los comentarios enviados por SAG a través de la Carta N°5517/2016. Informando que ha respondido positivamente a la solicitud realizada por el servicio"
,EE.UU,Método de detección de huevos de curculiónidos PCR-TR,,,09/08/2016,12/12/2016,,Pendiente SAG,"23.03.17 Según lo informado por la DPAF, se esperan los antecedentes que entregará la ASOEX junto con INIA La Cruz, actualmente trabajan en el estudio solicitado por APHIS el cual debería estar finalizado en abril 2017. "
,EE.UU,Uchuva (Physalis sp.),Apertura,,,,Dec-11,Finalizado,
,EE.UU,Kiwi (Actinidia chinensis),Apertura,,,,S/Fecha,Finalizado,
,EE.UU,Baby Kiwi (Actidinia arguta),Apertura,,,,Dec-10,Finalizado,
,EE.UU,Granada (Punica granatum),Apertura,,,,Dec-10,Finalizado,
,EE.UU,Naranja (Citrus  sinensis),Apertura,,,,Dec-10,Finalizado,
,EE.UU,Pomelo (Citrus paradisi),Apertura,,,,Dec-10,Finalizado,
,Guatemala,Flores de Tulipan ,Apertura,,,,Aug-14,Finalizado,"13.08.14 la AA envía oficio VISAR N°2158, donde indica los requisitos que debe cumplir el exportador"
,EE.UU,Agricultura Orgánica,Acuerdo,,27/06/2016,,,En proceso,El equipo de Agricultura Orgánica del USDA – AMS se manifiesta dispuesto a recibir postulación de Chile. Ésta debe realizarse a la brevedad para ser considerado dentro del Programa de Trabajo del año 2017.
,EE.UU,Plantas enraizadas de hortensia (Hydrangea macrophylla),Apertura,,26/04/2016,27/03/2017,,Pendiente SAG,Pendiente SAG enviar  a Aphis cuestionario compilado. 3 de marzo 2017 el interesado envia las respuestas del cuestionario. Aún péndiente respuesta de la DPAF.  
,Guatemala,Plantas de arándanos (Vaccinium spp.) ,Apertura,CCI 2016-2017,01/09/2016,,,Pendiente Guatemala,"22.09.16 se envía carta SAG N° 5427/2016, señalando el interés de los productores nacionales en exportar plantas de arándanos (vaccinium spp.) "
,Canadá,Maqui fresco ,Apertura,Gremio,21/02/2017,3/04/2017,,Pendiente SAG,"El 22 de febrero del 2017, se presenta el interés en exportar maqui fresco a Canadá.El 30 de marzo se recibe cuestionario para dar inicio al ARP. Al  27 de abril 2017, sólo falta la respuesta del interesado para compilar la información solicitada y remitirla a la AS  canadiense."
,Islas caicos y Turcas,Molduras de madera Pinus radiata,Apertura,,01/11/2015,30/03/2016,,Pendiente respuesta Turcos y Caicos,19.04.16 A través nota N°348 Direcon envía carta SAG N°2108/2016 a la embajada del Reino Unido.
VIVEROS DE CHILE,México,Cítricos (yemas),Apertura,CCI 2015-2016,01/07/2015,10/05/2016,,Detenido,"Tema detenido debido a priorización de semillas de repollo (1) y calabaza (2) en solicitudes de ARP a México. De continuar el interés, viveros de Chile AGV podría solicitar estos productos para el ciclo 2017.                                                                                                                                                                    10.05.2016: Asociación viveros de Chile AGV envía para conocimiento del SAG orden de priorizaciones de ARP: N°6 (yemas de limonero) y N°7 (yemas de mandarino). Esta información debe ser discutida en CCI para determinar si se avanza con el cuestionario. Hasta el momento la solicitud de yemas de cítricos no ha sido comentada en CCI, debido a priorización de otros productos."
ASOEX,México,Limón (Citrus limon),Apertura,SAG,01/07/2013,11/04/2017,,Analisis SAG a oficio N 00326/2017,"1era prioridad. En CARTA Nº 7515/2016 se envía propuesta de acelerar el establecimiento de requisitos fitosanitarios para la importación, tanto para los limones chilenos como para los limones mexicanos, considerando que este tema es prioritario para ambas naciones. Se indica también que se mantiene el interés de que la certificación fitosanitaria de estos productos quede delegada en las autoridades competentes de cada país, con las garantías de calidad y seguridad que entregan ambos Servicios.                                                  11.04.2017: a travès de Oficio Nº003206, se da respuesta Carta SAG Nº3318, con el analisis de las plagas que de manera preliminar se han identificado como candidatas a ser cuarentenarias por Mèxico, en el proceso de elaboraciòn de ARP para este fruto.  "
ASOEX,México,Granada (Punica Granatum),Apertura,,01/06/2012,8/08/2016,,Anàlisis SAG a oficio N 03468/2017,"2da prioridad Pendiente respuesta DGSV a comentarios de plagas de SAG. Chile un Systems Approach y envía información adicional de L.botrana en granada y Systems Approach de otros países.
El 15.12.2016 a través de CARTA Nº 7515/2016 se reitera solicitud de acelerar el proceso de establecimiento de los requisitos.                                                                                                                                                                    20.04.2017: a travès de Oficio Nº03468, se da respuesta a Carta SAG Nº3316, en la que se envìa informaciòn concerniente a plagas de interès cuarentenario asociados a frutos de granado. "
,México,Peonía (flor de corte),Apertura,Privado,04/02/2015,30/03/2017,,Pendiente Mexico.,"3era prioridad En carta SAG N°1165/2016 se comunica a SENASICA la tercera prioridad para realizar ARP para este producto, luego de que SENASICA enviara Oficio N° 01400/2016 con listado de especies de interés de Chile.                                                                                                                                                                                                                                                                                                                                                                                                                                11.07.2016 en reunión técnica bilateral DGSV indica que el área de ARP cuenta con información para iniciar estudio. Los resultados se darán a conocer en forma oficial                                                                                      30.03.17 La DAI consulta a la agregaduría agrícola el estado de avance de este tema.                                                                                                                                                                                             "
ASOEX,México,Higo,Apertura,,01/01/2013,15/12/2016,,Anàlisis SAG a oficio N 03779/2017,"4ta prioridad Prioridad ARP. Productos Hortofrutícolas.                                                                                                                                                                                                                  11.07.2016: En reunión técnica bilateral DGSV indica que dará respuesta oficial dentro de un mes                                                                                                                                                                                                                                                                                                                                                    15.12.2016 a través de CARTA Nº 7515/2016 se reitera solicitud de acelerar el proceso de establecimiento de requisitos.                                                                                                                                                                                28.04.2017 a travès de Oficio Nº03779, se da respuesta a Carta SAG Nº3317, respecto a comentarios referentes a plagas determinadas por Mèxico en el ARP de este fruto, quedando a la espera de los comentarios SAG para proceder a establecer los requisitos fitosanitarios para la importaciòn de este fruto.                                                                  "
Rijk Zwaan Chile ,México,Semilla de repollo,Apertura,,01/10/2014,17/02/2017,,Pendiente Mexico,"1era prioridad (material de propagaciòn) En carta SAG N°1165/2016 se comunica a SENASICA la primera prioridad para realizar ARP para este producto, luego de que SENASICA enviara Oficio N° 01400/2016 con listado de especies de interés de Chile.                                                                                                                                          16.01.17 en oficio B00.01.01.02.00254/2017, informa al SAG que ha concluido el ARP para el establecimiento de los requisitos fitosanitarios para la importación a México de semillas de repollo (Brassica oleracea var. Capitata) originaria de Chile y procedencia Holanda. Notifica los requisitos establecidos. Además informa que los requisitos estarán disponibles en la página web de SENASICA.                                                                                                      17.02.2017 en carta SAG N° 1295/2017, responde oficio N°254/2017, informando estar de acuerdo con las D. adicionales para las plagas Alternaria brassicicola y Mycosphaerella brassicicola. Sin embargo, en Chile no está autorizados los plaguicidas con ingredientes activos Thiram para ser utilizado en semillas. Además a pesar de que Chile cuenta con un plaguicida con los IA Fludioxonil, Mefenoxam y Azoxistrobina, solicita la evaluación de la opción 4 de tratamiento establecido en los requisitos, debido a que las concentraciones de Mefenoxam no permiten cumplir este punto.                                                                                                              "
Monsanto,México,Semilla de calabaza (Cucurbita moschata),Apertura,,01/01/2013,13/03/2017,,Pendiente México,"2da prioridad (material de propagaciòn)                                                                                                                                                              11.01.2017 se publicó la notificación G/SPS/N/MEX/308. Requisitos fitosanitarios para la importación de semilla de calabaza (Cucurbita moschata) para siembra, originaria y procedente de Chile.  El plazo para observaciones vence el 12 de marzo.                                                                                                                                                       13.03.2017: a través de CARTA Nº 1713/2017, se envían observaciones a la notificación. 
"
Monsanto,México,Semilla de ají,Apertura,,01/12/2012,11/11/2015,,Pendiente Mexico,"En carta SAG N°889/2015 (febrero de 2015), se señala que tanto Fusarium oxysporum f.sp.vasinfectum, como Pepper mild mottle virus (PMMoV), registran reportes de su presencia en México, por lo que SAG solicita reevaluar esta exigencia. Respecto al tratamiento químico con Captan, Thiram y Fluodoxil, se propone incluir cualquier otro fungicida de acción equivalente a los  mencionados.                                                                                                                                                                                                   11.11.2015: Se consulta a Consejería Agrícola de Chile en México acerca del status de este tema. Consejería contesta que aún no existen novedades de parte de SENASICA."
ANPROS,México,Semilla de canola,Apertura,,01/01/2014,13/04/2017,,Pendiente usuario  ,"Carta SAG N°1223/2015 con cuestionario consolidado, para elaborar ARP por parte de SENASICA. El 21.02.17 Se recibe oficio B00.01.01.02 01326/2017 de SENASICA solicitando información adicional para estas semillas. Se envía solicitud a la Empresa interesada y a DPAF.
21.02.17 la DAI solicita a la DPAF y al privado interesado responder la información adicional solicitada por SENASICA.
13.04.17 mediante HE N°30704 la DPAF remite informe situación sanitaria de canola o Raps (Brassica napus L.) en chile para realización del ARP.
"
Rijk Zwaan Chile ,México,Semillas de apio y  endivia,Apertura,SAG,01/05/2015,17/10/2016,,Pendiente Mexico,El 17.10.2016 a través de CARTA Nº 6293/2016 se envía a SENASICA el cuestionario con la información adicional para semillas de endivia y apio.
,México,Semilla de avena,Apertura,,01/01/2011,1/06/2012, junio 2012,Abierto,"REQUISITOS Y COMUNICADO OFICIAL, 25 DE JUNIO DE 2012"
Agrícola Llahuén ,México,Semilla de espárrago,Facilitación ,SAG,01/06/2016,1/07/2016,,Pendiente Mexico.," 14.06.2016: En carta SAG N°3746 se solicita la aprobación de SENASICA para el envío de semillas de espárrago con la dosis de captan (ingrediente activo), sugerida en Chile, ya que la dosis mayor recomendada por México, no está autorizada en nuestro país. Otras alternativas de plaguicidas tampoco están autorizadas para su aplicación en semillas.                                                                                                                                                                          01.07.2016: Se consulta a AA por respuesta de SENASICA a carta SAG. AA responde que consultarán por este tema en reunión técnica bilateral del 11 de julio del presente."
,México,"Material de propagación de Vitis vinifera,  Actinidia chinensis,  Prunus avium,  Rubus spp. y Vaccinium spp., producido en las regiones de O´Higgins, del Maule y del Bio Bio. ",Reapertura,,01/01/2014,25/07/2016,,Pendiente Mexico.,"En enero de 2014 SENASICA  prohibe la importacion de esta mercancia desde regiones de O´Higgins, del Maule y del Bio Bio (L. botrana). 25.07.216: Sag envia mapas acorados en reunio tenica bilateral"
,México,Kiwano,Apertura,,01/01/2014,1/04/2014,Sep-14,"Detenido, sin interés del exportador. ","En enero de 2014 se solicita a DPAF y a productor, información técnica fitosanitaria y de producción/comercialización, para solicitar la apertura de mercado. Productor compromete envío de la información.  En abril de 2014 DPAF hace llegar parte técnica, quedando pendiente la información del productor. Se asume pérdida de interés, ya que a la fecha no se ha actualizado información."
ASOEX,México,Clementinas,Facilitación,,01/01/2007,15/12/2016,,Pendiente Mexico,"17.01.2016: Mexico continua con analisis de propuesta de SAG.                                                                                                                                                                                                                          15.12.2016 a través de CARTA Nº 7515/2016 se insiste en definir una alternativa viable al bromuro de metilo, evaluar la información de los requisitos que establecen otras ONPF para un riesgo similar y finalmente la delegación del cumplimiento de las medidas fitosanitarias en el SAG."
ASOEX,México,Paltas,Apertura,,01/01/2011,15/12/2016,,Analisis SAG oficio N 1115/2016,"El 15.12.2016 a través de CARTA Nº 7515/2016 se informa que no obstante recibir oficio n° 11115/2016, el cual se encuentra en proceso de evaluación, un análisis preliminar nuevamente se puede observar la imposición de mantener un programa de verificación en origen  (PVO). 
"
,México,Astillas de madera seca de quillay,Apertura,,11.05.2015,11/05/2015,May-15,Finalizado ,"En oficio N° 1243/15 de La Secretaría de Medio Ambiente y Recursos Naturale (SEMARNAT), se responde que no se admite la exportación de astillas verdes provenientes de la poda sanitaria del recurso, lo que representa para México un alto riesgo fitosanitario. En cuanto a astilla de madera seca de quillay si se permite la exportación, con requisitos que describen en dicho oficio. "
,México,Arandano ,Facilitación ,,,25/07/2016,,Pendiente Mexico.,"13.01.2016/10.03.2016: En cartas SAG N°194/2016 se adjuntan Informes de Vigilancia del PNLB, concluidos el primer y segundo vuelo del insecto y al avance del tercer vuelo.
11.07.2016: En reunión técnica bilateral SAG entrega informe de situación y se compromete a enviar mapas de distribución de L.botrana.
25.07.2016: En carta SAG N°4577/2016 se adjuntan mapas acordados.
"
Rijk Zwaan Chile ,México,"Semillas de berenjena,  espinaca, rábano y calabacita",Apertura,SAG,01/05/2015,22/02/2016,,Pendiente interesado,"Sanidad vegetal envia iormacion para berenjena, espinaca y rabano. Par alabacita solicita informacion de productor teresado par lvantar inormacion fitosanitaria. "
,India,Garbanzos y arvejas ,Apertura,,01/08/2012,13/04/2013,Jan-15,Tema Detenido,"Se encuentra pendiente la respuesta de la ONFP de India, a comentarios enviados por SAG en abril de 2013. De acuerdo a consulta realizada a DPAF el 2015, durante el anterior Ministerio se buscó abrir estos mercados, pero en DPAF nunca han tenido contacto con algún interesado. "
,India,Lentejas,Apertura,,,,Oct-14,Abierto,"Mercado abierto, fumigacion con bromuro. En octubre de 2014 India publica ante la OMC requisitos de importación para esta mercancía (Notificación G/SPS/N/IND/90) procedente de Chile. "
,India,Porotos,Apertura,,01/10/2012,,Jan-15,Pendiente SAG,"SAG envía información para que la ONFP de India establezca los requisitos de importación para este producto. Pendiente India. De acuerdo a consulta realizada a DPAF el 2015, durante el anterior Ministerio se buscó abrir estos mercados, pero de DPAF nunca han tenido contacto con algún interesado. "
ASOEX,India,Manzanas,Mantención,,01/09/2015,15/09/2015,Jan-16,Finalizado,"AA envía notificación del Ministerio de Comercio, que establece que las manzanas sólo podrán importarse por el puerto de Mumbai, lo que se trataba de una barrera comercial. Se trató como preocupación comercial en la OMC y se siguió discutiendo. En diciembre de 2015 se levantó la restricción en el puerto de Kochin (estado de Kerala) y en enero de 2016 se generaliza la autorización para todos los puertos."
,India,Madera  ,Apertura,,01/03/2015,10/03/2015,,Tema Detenido,"Sin avance. AA consultó a Santiago si existía interés por reactivarlo y si se requería alguna acción por parte de esta oficina, pero no se ha recibido respuesta "
,India,Astillas de Eucalyptus nitens,Apertura,,09/03/2015,10/03/2015,Mar-15,Abierto,"AA indica que para astillas de más de 6mm de espesor se requiere fumigación con bromuro de metilo y Certificado Fitosanitario, sin aceptar la alternativa de fosfina. Para el caso de astillas de menos de 6 mm de espesor no se requiere Certificado fitosanitario ni fumigación. Eventualmente pueden ser inspeccionadas al llegar a puerto y si se detectan plagas reguladas, la partida será tratada en destino."
,India,Ciruelas deshidratadas,Facilitación,,01/12/2014,21/07/2015,,Pendiente SAG,"Mercado abierto (apertura no específica para Chile). Existe una norma general para todos los países que data del año 2005 para este producto, bajo fumigación con bromuro de metilo. Se consulta acerca de la factibilidad de la fumigación con fosfina como alternativa.Nuevo interés de Chile incluido en “Joint Statement” del 24.04.2017. Chile presentará el expediente técnico con la situación fitosanitaria de este producto, el DAC - División de Cuarentena Vegetal llevará a cabo el ARP y establecerá los requisitos fitosanitarios, con el fin de permitir una alternativa a la fumigación obligatoria con Bromuro de metilo."
,India,Arándanos,Apertura,,01/06/2012,24/04/2017,,Pendiente India," India en el 2012 publica nuevos requisitos para arándanos de Chile.  A la fumigación original, se agrega la opción de tratamiento de frío de pre-embarque, lo que continúa siendo discriminatorio.Mientras emiten nueva regulación, aceptarían tratamiento de frío En Tránsito. Tema incluido en “Joint Statement” firmado en India el 24 de abril de 2017."
,India,Paltas,Apertura,,01/06/2012,11/10/2016,,Pendiente India,"Se espera emisión de regulación tras envío de carta SAG N°6164/2016 de garantía señalando que sólo se enviarán paltas producidas en territorio chileno, e invitando evaluar el sistema de certificación chileno, una vez concretada la regulación.Tema incluido en “Joint Statement”  firmado en India el 24 de abril de 2017."
,India,Nueces con/sin cáscara,Facilitación,,01/03/2014,24/04/2017,Apr-17,Finalizado,"Mercado abierto desde 2014.  Agosto 2016: A través de la publicación de nueva norma, India acepta fumigación con fosfina, sin embargo, no se toman en cuenta los comentarios de Chile a notificación G/SPS/N/IND/145.10.04.2017: En la nueva propuesta del Joint Statement, India aceptaría diferentes formulaciones de Fosfina (PH3), a una dosis específica, aparte de otras declaraciones adicionales sobre la ausencia de plagas."
,India,Turba Spagnum Moss,Facilitación,,01/06/2014,21/07/2015,,Pendiente SAG .,"Mercado abierto, con vapor caliente a 121° C, o bien, la excavación de turba bajo 2 metros de la superficie. La norma dispuesta (vapor caliente) no es factible en términos operativos, por ser el producto altamente higroscópico,  afectando la naturaleza del producto. SAG y Soc. Comercial de Inversiones Lonquén Ltda., en evaluación de propuesta técnica de tratamiento de calor seco a 121°C, por 30 minutos."
ASOEX,Sri Lanka,Arándanos,Apertura,,16/03/2016,27/04/2017,,Pendiente Sri Lanka ,"En reunión de seguimiento Sri Lanka señala que el ARP está terminado y la norma con los requisitos está en preparación. Se acuerda que en un plazo de dos semanas comunicarán la regulacion final. Esta información es respaldada por Acta firmada entre AA y la Autoridad de Sri Lanka, 27.04.2017."
ASOEX,Sri Lanka,Paltas,Apertura,,16/03/2016,16/03/2016,Mar-16,Tema detenido,"La autoridad agrícola señaló que dado que era un producto de alta sensibilidad en el país, recomendaba no considerarlo. La delegación de Chile agregó que las variedades eran diferentes y el público objetivo diferente, por lo que no constituía una amenaza para la producción local, sin embargo la autoridad se mantuvo firme. Se ha decidido suspender las gestiones, al menos mientras se avanza con los otros temas."
ASOEX,Sri Lanka,"Carozos: Duraznos, nectarines, damascos, ciruelas y cerezas",Apertura,,16/03/2016,16/03/2016,May-16,Abierto," La autoridad Agrícola señala que se ha concluido el análisis y que se ha resuelto autorizar las especies durazno y nectarín, damasco, ciruela y cereza.  10.05.2016: AA comunica la apertura de mercado para estos frutos. Para concretar las exportaciones se requiere de un Permiso de Importación"
,Sri Lanka,Hojas de boldo secas al sol,Apertura,,06/03/2015,11/05/2016,,Pendiente Sri Lanka ,"En reunión de seguimiento, Sri Lanka señala que la regulación está terminada y que se comunicará dentro de esta semana. Esta información es respaldada por Acta firmada entre AA y la Autoridad de Sri Lanka, 27.04.2017."
,Corea del Sur,Madera  aserrada verde pino radiata,Actualización de requisitos,,08/07/2013,23/02/2017,,Pendiente QIA,"AA informa que  QIA respondió que este tema está  revisando cuidadosamente sobre si sería adecuada permitir los tratamientos químicos, los cuales fueron solicitados a través de la Carta SAG Nº 4931/2016 (Mas detalles minuta abril 2017)."
,Corea del Sur,Plantas de Araucaria (Araucaria spp.) ,Apertura,,02/07/2015,16/03/2016,Mar-16,Abierto,"DPAF informa que  las autoridades coreanas se comunicaron directamente con ellos, el señor Park JI IM, y dieron a conocer los requisitos, por lo cual éstos se encuentran publicados en el Sistema Requisitos por País de MAPRO (Ver minuta agosto de 2016)."
,Corea del Sur,"Envíos maritimos- aereo, transito 3er país.",Facilitación,SAG,02/06/2016,6/04/2017,,Pendiente Corea,"06.04.2017: En reunión bilateral en el marco de la reunión 12th Commission CIPF, QIA solicita información adicional a la enviada por el SAG respecto de ambas modalidades de exportación, acordándose que si no tenían mayores comentarios, frente a los nuevos antecedentes que debían ser enviados, se autorizarían ambos sistemas de exportación o se requeriría la visita de un experto a Chile, con el fin de conocer mejor los procesos propuestos, para lo cual SAG debería enviar invitación formal a QIA."
,Corea del Sur,"Envíos de fruta vía aérea, transbordo aéreo en China (primera propuesta Uva de mesa vía aérea).",Facilitación,SAG,08/01/2015,6/04/2017,,Finalizado,"06.04.2017: En reunión bilateral en el marco de la reunión 12th Commission CIPF, QIA autoriza esta modalidad, la cual fue solicitada por los exportadores de cerezas pensando en los aviones con destino a China y posterior conexión con vuelo a Corea, en consideración que los envíos mantengan las condiciones de resguardo y vayan  respaldados por su respectivo Certificado fitosanitario con los requerimientos fitosanitarios para Corea."
,Corea del Sur,Uva de mesa vía aérea,Facilitación,SAG,08/01/2015,12/02/2015,,Tema Detenido,QIA considera que se debe realizar una revisión técnica por expertos antes de discutir la factibilidad de embarque por avión . Informa que una de las mayores  preocupaciones es que los envíos puedan viajar vía países que no están permitidos para exportación a Corea y se puedan contaminar de pestes. 
,Corea del Sur,Granadas de uso industrial,Apertura,CCI2016-2017,01/04/2012,6/04/2017,,Pendiente QIA,"06.04.2017: En reunión bilateral en el marco de la reunión 12th Commission CIPF, QIA indica que por tratarse de un producto  fresco aun cuando posteriormente se industrialice, debe seguir el procedimiento establecido para frutos frescos y cuyo análisis se realizaría una vez terminado el proceso de las paltas. "
,Corea del Sur,Kiwi (Actinidia chinensis),Mantención,QIA,11/08/2016,18/11/2016,Nov-16,Finalizado,"Debido a detección de altos niveles de Iprodione en agosto de 2016, los  kiwis de Chile quedan sujetos a  prueba de laboratorio para el chequeo de  residuos  agroquímicos. SAG entrega informe de no cumplimiento., sin embargo durante visita de C.Baek se decide no entregarlo a QIA para evitar mayores inconvenientes (Ver minuta diciembre 2016)."
,Corea del Sur,Kiwi (Actinidia chinensis):      Not: G/SPS/N/KOR/557,Modificación normativa,MFDS,16/02/2017,17/11/2017,Nov-17,Finalizado,"AA indica que esta notificación  indica que kiwi de Chile será eliminado del listado en el Anexo 4 de dicha regulación, lo que implica que todos los embarques de esta fruta serán analizados por detecciones de iprodione. Sólo kiwi sería afectado."
,Corea del Sur,"Nuez, almendra y kiwi",Actualización LMR,MFDS,25/01/2017,1/01/2017,,Finalizado,"Se informa que a partir del 31 de diciembre de 2016, MFDS permite residuos de agroquímicos sólo dentro de los límites máximos de residuos que están establecidos para la especie en particular, en caso de que las exportaciones son frutos secos, semillas o frutas tropicales. "
,Corea del Sur,Paltas,Apertura,CCI2016-2017,02/12/2016,6/04/2017,,Pendiente QIA,"07.02.2017: SAG envía información solicitada (Carta N°855/2017): información respecto al proceso de producción de esta especie en Chile, y situación fitosanitaria. En reunión bilateral de abril de 2017, en el marco de la reunión 12th Commission CIPF, SAG señala interés de Chile en priorizar este ARP."
,Corea del Sur,Semilla de zanahoria,Apertura,,02/07/2015,3/08/2016,Aug-16,Finalizado,Certificado fitosanitario sin declaración adicional y  sujetas a la inspección en puerto en Corea.  
,Corea del Sur,Cerezas,Apertura,"Gremio, Cci",01/12/2011,7/01/2016,Jan-16,Finalizado,"El 7 de enero 2016 se recibe carta de QIA informando que ha permitido el ingreso de la  cereza fresca de Chile al mercado coreano, bajo el cumplimiento de Systems Approach acordado entre ambos organismos. "
,Corea del Sur,Plantas de Maqui,Apertura,,23/02/2016,19/05/2016,May-16,Finalizado,"El 19 de mayo, se recibe carta de QIA (04.04.2016) que informa que es posible exportar plántulas de Maqui de Chile a Corea mientras se cumplan los requisitos indicados por QIA en su carta, en relación al medio de crecimiento y otros requerimientos comunes."
,Corea del Sur,Arandanos,Apertura,,,,Jan-12,Abierto,
,Corea del Sur,Arandanos Frescos y productos de arándanos,Nueva medida: Inspecciones adicionales por estreptomicina,,22/02/2017,13/02/2017,,Pendiente QIA,"A partir del 13 de febrero 2017 MFDS ordena inspecciones adicionales, los tres embarques consecutivos de arándanos frescos de cada instalación empacadora y los tres embarques consecutivos de productos de arándanos provenientes de cada fabricadora/planta, deben ser inspeccionados por MFDS, sobre el residuo de estreptomicina. En caso de que se encuentre que todos los tres embarques estén libres del residuo de dicho antibiótico, los embarques de la instalación/planta en cuestión serían exentos de esta inspección adicional. Esta inspección adicional será exigida hasta 30 de mayo de 2017 y MFDS evaluará si sería necesario mantener este requisito o no."
,Corea del Sur,"Kiwi, Naranja, Limón y Arándano",Actualización de requisitos,,15/02/2016,6/04/2017,,Pendiente QIA,"06.04.2017: En reunión bilateral en el marco de la reunión 12th Commission CIPF, QIA indica que se mantendrán las actuales exigencias y solo se realizarán actualizaciones de negociaciones posteriores a la firma de los protocolos vigentes. En base a lo anterior, QIA evaluará estas solicitudes una vez terminado el presente proceso de actualización se su normativa."
Chilean Walnut y Chile prunes,China,Nueces con cáscara,Apertura,CCI 2015-2016,03/06/2015,28/01/2016,Jan-16,Abierto,"Se firma Addendum por el Ministro de Agricultura de Chile y el Ministro de AQSIQ de China, durante la visita del Ministro de Agricultura a China, el día 28 de enero 2016. "
,China,Avellanas sin cascara,Apertura,CCI2016-2017,17/08/2016,14/04/2017,,Pendiente Aqsiq, Odepa indica que las autoridades chinas informaron que estiman que el ARP podría estar listo para fines de diciembre de 2017.
,China,Exportación de Cerezas en bodegas de naves ,Facilitación,SAG,12/05/2016,28/01/2016,Jan-16,Finalizado,"El 28 de enero 2016, en Beijing, se firma acuerdo entre el Ministro de Agricultura de Chile y el Ministro de AQSIQ de China."
,China,Peras,Apertura,CCI 2016-2017,27/10/2016,12/02/2017,,Pendiente Aqsiq,"Por carta SAG N°276/2017, se adjuntan antecedentes técnicos de este producto, a la espera de que AQSIQ indique los requisitos fitosanitarios de importación."
,China,Frutas congeladas,Apertura,,01/02/2014,13/01/2017,,Pendiente Aqsiq,"Por carta SAG N°5223/2016 se envía información acerca de estos productos, además de Resoluciones y Decreto Ley relacionadas. 13.01.2017: Chilealimentos consulta por estado de negociación de estos productos. Sin novedades."
,China,"Ciruelas deshidratadas al horno “Natural condition""",Apertura,CCI 2016-2017, 01.04.2016,7/07/2016,Jul-16,Abierto," AQSIQ confirma que Chile ya puede exportar dicho producto a China a partir de ahora, ya que se considera que este producto está dentro del concepto de la “ciruela deshidratada” que China autorizó a exportar a China hace varios años. "
,China,"Plantas de berries: Arándano (Vaccinium corymbosum), mora (Rubus spp.) y frambuesa (Rubus idaeus)",Apertura,, 20.09.2016,4/11/2016,,Pendiente Hortifrut, 04.11.2016: Se recibe comunicado desde AA y se comparte con DPAF y Hortifrut. Hortifrut enviará documento traducido. 
,China,Nectarines,Apertura,,01/08/2013,5/01/2017,Jan-17,Abierto,Firma de Protocolo durante visita del Presidente de China a Chile el 22.11.2016. Se espera visita de inspección para finalizar el proceso de apertura. 27.12.2016: Por carta SAG N°7554/2016 se comunica el envío de Certificados fitosanitarios para la exportación de nectarines. Por carta SAG N°24/2017 se extiende invitación definitiva para verificar la implementación del proceso de exportación de Nectarines entre el 14 y 23 de enero de 2017 con propuesta de programa.
,China,Madera aserrada verde y rollizos de Sequoia sempervirens,Apertura,,11/01/2017,16/01/2017,Jan-17,Abierto,"AA contesta directamente a DPAF que AQSIQ indica que para las exportaciones de maderas desde Chile a China no se requiere el proceso de ingreso a mercado, es decir, Chile puede exportar maderas directamente a China, sean pinos, sequoias u otras variedades. Al llegar a los puertos de China, los CIQs las van a revisar y si todas cumplen con los requisitos, las dejarán entrar. "
,China,Requisitos Envíos maritimos terretres aereos. ,Facilitación,SAG, 01.01.2013,9/11/2016,Nov-16,Finalizado,El Director Nacional debe firmar acuerdo inicializado por AA en China (el 09.11.2016). SAG  debe realizar trámites jurídicos para su entrada en vigencia.
,China,Modificación Protocolo Paltas,Facilitación ,SAG, 12.05.2016,9/11/2016,Nov-16,Finalizado,El Director Nacional debe firmar acuerdo inicializado por AA en China (el 09.11.2016). SAG  debe realizar trámites jurídicos para su entrada en vigencia.
,China,Mosca de la fruta ,Facilitación,SAG, 12.05.2016,22/09/2015,Sep-15,Finalizado,"El 8 de agosto 2015 AA informa que AQSIQ  ha aceptado el radio de 27.2 KM, y ha liberado a la Región Metropolitana, la V Región y la IV Región (con excepción de La Serena y San Esteban, que serán cuarentenadas con el nuevo radio de 27.2 KM). La parte China solicita a Chile que se cumpla con ciertas condiciones. El 22 de septiembre 2015, a través de carta SAG N°5693 se explica a AQSIQ el formato de la página web. "
,China,Productos de Alfalfa,Apertura,,01/01/2015,5/08/2016,,Tema Detenido,"AQSIQ mandó una nota formal para explicar los pasos que se deben seguir para lograr la autorización de China, incluyendo un cuestionario que debe ser rellenado. Dicho cuestionario se estaba traduciendo para ser contestado. Se considera la postergación del mismo, dado que se trata de una apertura compleja."
,China,Actualización Protocolos de Kiwi  y Manzana,Facilitación,, 23.04.2013,14/06/2016,,Tema Detenido,"AQSIQ señala que para incorporar nuevas regiones a los Protocolos vigentes, es necesario realizar un nuevo ARP; además, considerando además el hecho que los actuales protocolos tiene más de 10 años y que sería necesario actualizarlos, lo cual implicaría distraer a los técnicos del AQSIQ"
,China,"Plan de Acción Convenio Cooperación en Inspección y Cuarentena de Frutas Frescas entre Chile y China, 2016",Mantención,, 04.04.2016,2/09/2016,Sep-16,Finalizado, El 2 de septiembre de 2016 se firma Plan para el período 2016- 2017. 
,China,Esparragos,Apertura,CCI 2016-2017,19/08/2016,28/09/2016,,Tema Detenido,"28.09.2016: AA envía carta de respuesta de AQSIQ No. 781/2016, la que adjunta “extenso” cuestionario para ser llenado por SAG, sin embargo, dado que existen otras prioridades, se considerará la postergación del mismo. Apertura compleja"
,Taiwan ,Ajo fresco y tallos de ajo (Allium sativum,Apertura,,01/08/2016,14/03/2017,,Pendiente SAG,"Debe responder y consolidar cuestionario para inicio de ARP. Para tallos, debe incluir declaraciones adicionales que SAG está analizando. El interesado señaló que por el momento se puede comenzar con la gestión para ajos (posteriormente se revisaría la situación para tallos)."
,Taiwan ,Bulbos de lilium,Mantención,,26/08/2016,26/04/2017,Apr-17,Finalizado,"Visita de auditoría anual de la Certificación Fitosanitaria de bulbos realizada. Luego de aplicar indicación hecha por BAPHIQ acerca de la distancia apropiada entre los lotes de producción del cultivo para la empresa Mantos Verdes, se autoriza la inclusión de bulbos de lilium de dicha empresa en la lista de los lotes autorizados para exportar bulbos de lilium a Taiwan en 2017."
,Taiwan,Semilla de zanahoria (Daucus carota),Apertura,,01/07/2016,28/09/2016,,Pendiente Taiwan,"28.09.2016: Por carta SAG N°5928/2016 se comunica a BAPHIQ, que según Res.N°3080 (adjunta), D.dipsaci es una plaga cuarentenaria ausente en Chile, por lo que propone incluir esta información como Declaración Adicional en el Certificado Fitosanitario. 26.04.2017: Se consulta a Agregaduría Comercial si existe una comunicación oficial, normativa o permiso de importación por parte de BAPHIQ para concretar la apertura de este producto en Taiwán. 27.04.2017: Agregaduría Comercial indica que ha consultado a Baphiq y que ellos contestarán a la brevedad.   "
,Hong Kong,Hongo Boletus luteus,Apertura,,19/08/2016,22/09/2016,Sep-16,Abierto,Se confirma exportación sin necesidad de CZE
,Angola,Semilla papá,Apertura,,01/02/2017,,,Pendiente Angola,"08.02.2017: Se envía carta N° 834/2017 expresando interés de exportar semillas de papa, solicitando requisitos fitosanitarios. "
HORTIFRUT,Marruecos,Plantas de Moras hibridas (Rubus spp),Apertura,Marruecos,01/06/2016,22/03/2017,,Pendiente Marruecos,El 19.10.2016 a través de Carta SAG N° 6103 se adjunta la información solicitada.22.03.2017: AC informa que el expediente sigue en estudio. 
,Sudáfrica,"Fruta fresca de cerezas, ciruelas, kiwis y uva de mes",Apertura,,01/09/2013,4/04/2017,,Pendiente SAG,"04.04.2017: AC sostiene reunión con autoridda, ellos indican que se debera priorizar fruta. AC indica que realizara analis para evaluar e informara. "
,Sudáfrica,Paltas,Facilitación,,01/09/2013,4/04/2017,,Pendiente Sudáfrica,04.04.2017: AC informa que Sudafrica secompromete a  revisar los compromisos para ver si es necesario enviar una respuesta oficial
,Sudáfrica,Musgo Esfangíneo,Facilitación,,01/02/2016,12/12/2016,,Pendiente Sudáfrica,"El 22 de febrero 2016, a través de carta SAG N°1059 se informa que una empresa exportadora ha hecho llegar un Permiso de Importación, en el cual se indica entre las opciones para el ingreso del producto la necesidad de un tratamiento de calor o de fumigación.Además, se envía información sobre el proceso de producción de musgo esfangíneo. Dado el tipo de producto a ser exportado, SAG considera que una inspección fitosanitaria es una medida adecuada para la certificación de este producto. En noviembre y diciembre se solicita gestionar respuesta a AC."
,Uganda,Semilla de girasol,Apertura,,01/05/2016,,,Pendiente Uganda,"22.05.2016: A través de carta N° 3729/2016 se informa interés de  exportadores chilenos en realizar envíos de semilla de girasol (Helianthus annuus) a Uganda, se solicita requisitos fitosanitarios "
,Ucrania,Semillas,Apertura,,23/03/2017,,,Pendiente Ucrania,Presentado interés exportadores chilenos semillas procedentes de Chile. 
VIVEROS,Argentina,Plantas de nogal,Apertura,,15/10/2014,12/02/2016,Feb-16,Finalizado,Finalizado.  El 12/02/16  se retira Cherry leaf roll virus de los requisitos.
VIVEROS,Argentina,Plantas de  Frambuesa y Mora,Actualización de requisitos,,17/11/2014,14/11/2016,Nov-16,Finalizado,14.11.2016: SENASA informa la incorporación de requistos establecidos a AFIDI
VIVEROS,Argentina,Plantas de frutilla,Actualización de requisitos,,28/11/2014,22/08/2016,Aug-16,Finalizado,"FINALIZADO. Requisitos fitosanitarios actualizados en la páina  web  del servicio.
• En agosto 2016, SAG acepta la Declaración Adicional propuesta por SENASA en Nota DNPV N° 270/16.
"
VIVEROS,Argentina,Yemas de manzano,Apertura,,27/02/2015,1/02/2016,,Pendiente SENASA. ,08.01.16 SAG en carta N° 102/2016 envía información solicitada para dar inicio al ARP correspondiente.  SENASA informa que la información  fue enviada para el análisis técnico    
,Argentina,Arándanos,Actualización de requisitos,,03/05/2016,3/05/2016,May-16,Finalizado,"03.05.16 En carta SAG N°2785/2016, informa a SENASA que actualizará los requisitos fitosanitarios de importación para arándanos frescos, para asegurar una correcta certificación en los términos convenidos"
Vivero jardín pehuén,Bolivia,Plantines de Araucaria,Apertura,Privados,25/08/2015,1/12/2015,,Detenido sin interes,"El 15 de marzo de 2015, se insiste a interesado por cuestionario de ARP. El 26 de agosto de 2015, se solicito al vivero complementar respuestas al cuestionario de ARP, para posteriormente continuar con envío a Bolivia.DESCARTADO POR QUE INTERESADO NO ENVIA INFORMACIÓN"
,Bolivia,Semillas de lupino,Apertura,Privados,13/04/2015,15/03/2016,,Pendiente interesado,"El 4 de noviembre, se remiten comentarios a información presentada por Semillas BAER (14 de octubre). Se reitera el 15 de diciembre 2015.El 15 de marzo de 2016, se insiste por información, en caso de que no exista respuesta se descartará de los temas a trabajar."
,Bolivia,Plantas de arándano,Apertura,CCI 2016-2017,,1/09/2016,,Tema detenido, se iniciará apertura una vez avancen los procesos previamente presentados.
,Bolivia,Esquejes de clavel con y sin raiz,Apertura,,01/04/2016,29/01/2017,,Pendiente Bolivia,"El 29 de enero 2017 se recibe Nota SENASAG/JNSV/N°052/2017, se informa que ARP está calendarizado para inicio último trimestre 2017, concluyendo el primer trimestre 2018."
,Bolivia, Semillas de pepino,Apertura,,01/11/2015,16/08/2016,,Pendiente interesado,"El 16 de agosto de 2016, empresa informa que se encuentra preparando antecedentes. "
,Bolivia,Frutos de Arándano,Apertura,BOLIVIA,08/11/2016,21/12/2016,,Pendiente Bolivia,"El 8 de noviembre 2016 y considerando que la empresa interesada no tiene un exportador definido se deriva el interés a ASOEX, la cual evaluará si tiene intención de comercializar este producto a Bolivia e informará.El 21 de diciembre 2016 a través de Nota SAG N° 7582/2016, se consultan las exigencias fitosanitarias para frutos frescos de arándanos procedentes de Chile."
ANPROS,Colombia,Semillas de Ballica (Lolium spp.),Apertura,CCI 2015-2016,01/09/2015,27/01/2017,,Pendiente ICA,"1° priordad SAG de apertura (VI reunión MSF del Acuerdo Chile-Colombia (realizada el 26 de octubre). Pendiente ICA, el 20.09.2016 se insiste en envio de requisitos. A traves de carta SAG se solicita informar estado de vance (Carta 639/2017 del 27 de enero)"
ANPROS,Colombia,Semilla Festuca (Festuca spp.),Apertura, CCI 2015-2016,01/09/2015,17/05/2016,,Pendiente interesado,2° priordad SAG de apertura (VI reunión MSF del Acuerdo Chile-Colombia (realizada el 26 de octubre). Pendiente ANPROS (17.05.2016)
ANPROS,Colombia,Semillas de arroz,Apertura,Privados,26/03/2015,27/01/2017,, Pendiente ICA,"5° Prioridad. El 26 de junio a través de nota SAG N° 3596/2015, se remite a ICA el cuestionario de ARP para su análisis. En VI reunión MSF del Acuerdo Chile-Colombia  (26 de octubre 2015) se establece como quinta prioridad a trabajar. El 27 de enero 2017 (Carta SAG N° 639.2017), se solicita a ICA el estado de análisis de ARP.


"
Maqui New Life,Colombia,Maqui IQF,Apertura,"Privados, ICA",02/02/2015,24/03/2016,May-16,Finalizado,"El 29 de mayo 2016 mediante Oficio Nro. 20162105941, ICA comunica que el producto corresponde a categoría de riesgo 1 por lo cual no requiere de CZE."
Viveros Chile,Colombia,Plantas de palto,Apertura,Gremio,09/07/2014,12/06/2015,,"Detenido, sin interes de gremio","El 12 de junio de 2015, se insiste a Viveros Chile remitir la información para completar el cuestionario de ARP.  El 3 de julio se indica desde viveros Chile que están gestionando la información. Ya existen 4 productos priorizados, por lo cual se esperaran avances para insistir."
ANPROS,Colombia,Semilla de maiz,Apertura,Gremio,01/01/2016,22/03/2017,,Pendiente ICA,"20 de septiembre 2016, se envía solicitud de inicio de ARP para semillas de maíz (carta SAG N° 5711/2016) A traves de carta SAG se solicita informar estado de vance (Carta 639/2017 del 27 de enero)"
Agrícola Llahuen S.A,Colombia,Semilla de esparrago,Apertura,Privados,09/05/2015,29/09/2015,, Pendiente SAG,"4° Prioridad En VI reunión MSF del Acuerdo Chile-Colombia  (26 de octubre 2015) se establece como cuarta prioridad a trabajar, antecedentes enviados el 29 de septiembre de 2015. En septiembre se recibe Nota ICA N° 20162114920, con las exigencias de ingreso para semillas de esparrago destino investigación. Se encuentra en análisis respuesta debido a que el uso de interés es siembra para comercialización"
Paisajismo Jorge Alberto Nuñez Lagos,Colombia,Astillas secas al natural libres de corteza y teñidas,Apertura,Privados,11/06/2015,27.01.2017,,Pendiente ICA,"El 01 de junio se recibe Oficio Nro. 20162102557, se informan las exigencias de importación (tratamiento 71.1 °C por 75 min.). 18 de agosto 2016 (Carta SAG N° 5111.2016), se solicita autorizar tratamiento térmico acorde a NIMF 15. A traves de carta SAG se solicita informar estado de vance (Carta 639/2017 del 27 de enero)"
,Colombia,Bulbos de tulipan ,Apertura,ICA,01/02/2016,18/04/2016,,Pendiente interesado,18 de abril se remite el cuestionario de ARP a la empresa en cuestión
VIVEROS,Argentina,Material de propagación de Palto   (Persea americana)            ,Apertura,,11/09/2014,,junio-2015,Tema finalizado.,Se establecieron requisitos. SAG acepta requisito en carta N°3442/2015
VIVEROS,Argentina,Material de propagación de olivos,Actualización requisitos,,05/01/2016,,agosto-2015,Tema finalizado. ,Requisitos establecidos. 14.09.15 SENASA envia AFIDI.
,Argentina,Kits de cajas contrachapadas,Apertura,,01/11/2015,2/12/2015,enero-2016,Finalizado,Requisitos establecidos.
,Paraguay,Cebollas frescas,Apertura,,23/01/2015,21/06/2016,,Pendiente  Paraguay,"21.06.16 a  través de la carta SAG N°3835/2016, se solicita  a SENAVE  el estado  de respuesta  del avance del ARP."
VIVEROS,Paraguay,"Plantines de frambuesa (Rubus ideaus, Variedad Pacific Majesty)",Apertura,,01/02/2014,21/06/2016,,Pendiente  Paraguay,"21.06.16 a  través de la carta SAG N°3835/2016, se solicita  a SENAVE  el estado  de respuesta  del avance del ARP."
,Paraguay,Semilla de Trigo (Triticum aestivum y Triticum turgidum L. spp durum)  ,Apertura,,01/10/2013,21/01/2016,,Pendiente  Paraguay,"21.06.16 a  través de la carta SAG N°3835/2016, se solicita  a SENAVE  el estado  de respuesta  del avance del ARP."
,Paraguay,Postes de madera de Pinus radiata,Apertura,,01/12/2015,17/06/2016,,Pendiente  Paraguay,"17.06.16 a través de la carta SAG N°3842/2016, se solicita la respuesta a la carta SAG N°7236/2015."
,Uruguay,Plantas de palto (Persea americana),apertura,,01/10/2014,21/04/2017,,Pendiente MGAP Uruguay,SAG acepta requisitos y esta a la espera de la publicación oficial.
,Uruguay,Plantas de vid (Vitis Spp.),Apertura,,01/08/2014,6/04/2017,,Pendiente MGAP Uruguay,"13.07.2016  se solita a Uruguay información sobre el estado de avance de la información enviada para la realización del ARP, consulta realizada en julio del 2015. enabril de 2017 reitera consulta sobre estado del ARP."
,Uruguay,Plantas in vitro de kiwi,Apertura,,27/02/2016,26/04/2017,,Pendiente MGAP Uruguay,SAG acepta requisitos y esta a la espera de la publicación oficial.
,Uruguay,Material de propagación de manzano,Apertura,,11/08/2016,6/04/2017,,Pendiente MGAP Uruguay,Desde agosto se espera la respuesta de Uruguay con el envio de los requisitos fitosanitarios. Abril de 2017 se reitera consulta sobre estado de ARP.
,Paraguay,Semilla de canola ,Apertura,,01/04/2016,10/03/2017,,Pendiente  Paraguay,"01.04.16 Mediante carta SAG N°2008/2016, envía comentarios a los requisitos fitosanitario establecidos para semilla de canola procedentes de Chile, señalados en el AFIDI 201624848 del 28-03-2016. marzo 2017 se consulta nuevamente por el estado de la respuesta."
,Colombia,Peras,Actualización de requisitos,ICA,01/10/2013,7/08/2015,,Pendiente ICA,"SAG envía información solicitada por ICA (carta SAG N° 4750/2015), se esperan sus comentarios."
ASOEX,Ecuador,Granadas,Apertura,"Gremio, AGROCALIDAD",30/08/2013,12/09/2016,,Pendiente SAG ,El 13 de septiembre 2016 se recibe contrapropuesta de exigencias fitosanitarias. SAG debe proponer PT.
ASOEX,Ecuador,Arandanos,Apertura,"Gremio, AGROCALIDAD",17/02/2015,12/09/2016,,Pendiente SAG,"Mediante Oficio Nro. MAGAP-DSV/AGROCALIDAD-2016-000536-0F del 12 de septiembre, AGROCALIDAD mantiene en las exigencias las plagas P. calceolaridae, Diaspidiotus anyclus, P.longispinus y P. viburni"
Viveros Chile,Ecuador,Plantas de duraznero,Apertura,Privados,01/07/2013,31/01/2017,,Pendiente SAG,"Requisitos establecidos, no publicados debido a que se ha solicitado a AGROCALIDAD eliminar plaga de las exigencias.El 21 de enero de 2015, se solicita a traves de carta eliminar de los requisitos a hongo Armillaria luteobubalina al ser plaga no presente en Chile. en marzo 2017 Ecuador insiste en esta plaga y adicionalmente  solicita el número de monitoreo y los sitios donde se monitorea esta plaga."
ANPROS,Ecuador,Semillas de esparrago,Apertura,"Privados, AGROCALIDAD",23/04/2015,28/03/2017,,Pendiente AGROCALIDAD,"El 26 de noviembre de 2015, se envía cuestionario de ARP. Debe ser analizado por la ONPF. En reumnión con Viveros Chile se indica que no es un tema prioritario, El 28 de marzo 2017  AGROCALIDAD informa que ARP se encuentra en análisis."
CORMA,Ecuador,Maderas impregnadas,Facilitación,SAG,01/04/2014,28/03/2017,,Pendiente AGROCALIDAD,"Durante la Gira del DN del SAG a Ecuador (6 de nov), AGROCALIDAD informa que ARP se encuentra en etapa 3 y que se espera su término para el 1° semestre del 2016. Se insiste a traves de PROCHILE en Ecuador. 20 noviembre 2016. El 28 de marzo 2017 Ecuador informa que normativa aún está en elaboración."
CORMA/Infodema,Ecuador,Rollizos de Eucaliptus nitens,Apertura,Privados,01/10/2014,15/01/2016,,"Tema detenido, sin interes. ","Ante la insistencia de PROCHILE en Ecuador (19 de enero 2016), AGROCALIDAD informó que la Subsecretaria de Producción Forestal se contactó con la empresa destino (Enchapes Decorativos S.A) y estos comunicaron que no habría interés para el ingreso de una muestra"
,Ecuador,Semilla de lechuga,Facilitación,SAG,01/03/2016,8/08/2016,Aug-16,Finalizado,"El 26 de agosto (Oficio Nro. MAGAP-CSV/AGROCALIDAD-2016-000503-OF), se acepta solicitud de SAG y se adjuntan exigencias definitivas."
,Ecuador,plantas frambuesa a raiz desnuda,Apertura,Agrocalidad,27/03/2017,30/03/2017,,Pendiente Privados,"Ecuador informa el inetrés, se envía cuestionario a ANPROS"
,Ecuador,"Semillas  de Brasicaceae (brocoli (Brassica
oleracea var. italica), col de bruselas (Brassica oleracea var. gemmifera), col repollo (Brassica oleracea var
capitata), coliflor (Brassica oleracea var. botrytis), colinabo (Brassica oleracea var. gongylodes), col forrajera
(Brassica oleracea var. viridis)",Apertura,,27/10/2016,3/02/2017,,Pendiente Ecuador,A traves de Cart 853/2017 SAG envia respuesta los requisitos fitosanitariosinformados por SENACSA en dic. 2016se solicite se acepte una  declaración adicional con respecto a la plaga Albugo candida
Viveros Chile,Perú,Plantas de almendro (Prunus dulcis),Apertura,Gremio,02/12/2014,8/04/2016,Jul-16,Finalizado,"RESOLUCIÓN DIRECTORAL 0028-2016-MINAGRI-SENASA-DSV, JULIO DE 2016 "
,Argentina,"Plántulas de arándanos, in vitro, destino propagación",Apertura,,21/11/2016,14/02/2017,,Pendiente Privados,El 14/02/2017 se remite nuevamente el cuestionario para respuesta de los privados 
,Argentina,Plantas de avellano,apertura,,07/04/2017,7/04/2017,,Pendiente SENASA,SAG  informa a Argentina el interés de exportar plantas de Avellano y solicita los requisitos fitosanitarios
,Argentina,Varas de tulipan,Actualización de requisitos,,10/07/2014,5/10/2016,,Pendiente SENASA,"El 2016 Se ha reiterado  a SENASA  a la respuesta a la carta SAG enviada  en julio del 2014 (N° 4127/2014) se remitió a  SENASA información  requerida por SENASA para realizar la actualización de requisitos fitosanitarios (dossier, situación fitosanitaria, proceso de certificación)."
Viveros Chile,Perú,Plantas de ciruelo,Apertura,Privados/SENASA,07/01/2015,29/11/2016,,Pendiente Perú,"El 7 de octubre de 2015 mediante carta SAG N° 5984/2015, se solicita reconocer el estado de plaga cuarentenaria ausente en Chile para Cherry leaf roll virus. Tercera prioridad ARP MP (Carta 4856/2016)"
Viveros Chile,Perú,Plantas de arándano,Apertura,Privados/SENASA,07/08/2015,1/09/2016,agosto-2016,Finalizado,"DECLARACIÓN ADICIONAL Y TRATAMIENTO CUARENTENARIO (FUENTE: RESOLUCIÓN DIRECTORAL 031-2016-MINAGRI-SENASA-DSV) Exigencias actualizadas interés SENASA, entrada en vigor agosto 2016. El 1 de septiembre (Carta SAG N° 5398/2016), se solicita modificar método de aplicación de los tratamientos, se ofrece método alternativo. "
Viveros Chile,Perú,Plantas in vitro de café y lillium spp.,Apertura,Privados/SENASA,11/03/2016,18/04/2016,,Pendiente interesado,El 17 de marzo se distribuye el cuestionario de ARP a vivero hijuelas y a DPAF.
Viveros Chile,Perú,Plantas de remolacha,Apertura,Privados/SENASA,09/06/2015,8/04/2016,,Pendiente interesado,"El 8 de abril de 2016, se solicita a DPAF consultar por otro interesado, si no se eliminará de los temas a tratar."
Viveros Chile,Perú,Plantas de pistacho,Apertura,Privados/SENASA,22/05/2015,29/11/2016,,Pendiente Perú,"15 de agosto (Carta SAG N° 6184/2015), SAG insiste en el retiro de Phytophthora cambivora, Eutypa lata, Aonidiella aurantii, Lepidosaphes conchiformis y Phytophthora megasperma. Segunda prioridad ARP MP (carta  N°4826/2016)                                                                                                  "
Viveros Chile,Perú,Plantas de avellano,Apertura,Privados/SENASA,18/05/2015,8/04/2016,agosto-2016,Finalizado,"El 27 de agosto 2016 se recibe Nota-0464-2016-MINAGRI-SENASA-DSV, se comunica la publicación de las exigencias de avellano a través de Resolución Directoral N° 0027-2016-MINAGRI-SENASA-DSV"
,Perú,Plantulas de Sandia,Apertura,,01/03/2013,5/08/2016,,Pendiente Perú,"En reunión bilateral del 3 de mayo 2016, se establece como Primera  prioridad ARP MP Carta 4856/2016. "
,Perú,Plantas in vitro cerezo,Apertura,,,5/08/2016,,Pendiente SAG,"El 2 de septiembre de 2015 en Carta 0436-2015-MINAGRI-SENASA-DSV y en relación a la propuesta de exigencias fitosanitarias para la importación de cerezo, SENASA envía sus comentarios a la solicitud de retirar ciertas plagas por parte de SAG y adjunta propuesta de exigencias definitiva. Cuarta Prioridad ARP MP (Carta 4856/2016)"
,Perú,Plantulas de Damasco,Apertura,,01/04/2014,5/08/2016,,Pendiente Perú,"El 14 de enero de 2014 en carta SAG N°225, se envían comentarios a la propuesta de requisitos fitosanitario presentada por SENASA el año 2012 (se envían comentarios a 23 plagas).. Quinta prioridad SAG ARP MP.Carta 4856/2016)"
,Perú,Plantas de Kiwi,Apertura,,01/11/2014,1/08/2016,,"Pendiente SENASA respuesta a exigencias fitosanitarias.Pendiente SAG, coordinar visita a vivero","El 21 de julio 2015, se envían comentarios a 15 plagas, Carta N° 4316. Queda pendiente el envío de fechas por parte de SAG para visita a los viveros. Octava prioridad ARP MP (carta SAG agosto 2016)."
,Perú,Semillas cala ,Apertura,Empresa AgroFloral,01/06/2016,23/01/2017,,Pendiente Perú,23 de nero de 2017 se envía cuestionario para ARP
,Perú,Semillas eucalipto,Apertura,Notificación SENASA G/SPS/N/PER/594,01/03/2015,1/08/2016,,Pendiente Perú, “Proyecto de Resolución Directoral para el establecimiento de requisitos fitosanitarios de necesario cumplimiento en la importación de semilla de eucalipto (Eucalyptus spp.) de origen y procedencia Chile”. En agsoto 2016 se solicita aSENASA confirmar que este asunto esta finalizado.
,Perú,Plantas de arándano,Facilitación ,SAG,01/09/2016,7/03/2017,,Pendiente Perú,"El 1 de septiembre (Carta SAG N° 5398/2016), se solicita modificar método de aplicación de los tratamientos, se ofrece método alternativo. "
,Perú,Plántulas de fresa,Apertura,,11/03/2015,1/07/2015,Mar-15,Finalizado,"El 11 de marzo de 2015 se publica Resolución Directoral N° 0011-2015-MINAGRI-SENASA-DSV, que establece requisitos para plantas de fresa origen Chile."
,Perú,Varas yemeras de cerezo,Apertura,,22.01.2014,6/11/2014,Jan-15,Finalizado,"El 22 de enero, se recibe vía punto de contacto SPS notificación G/SPS/N/PER/583/Add.1, en la cual Perú informa que el 31 de diciembre se publicaron en Diario Oficial (Resolución Directoral N° 0062-2014-MINAGRI-SENASA-DSV), los requisitos para este producto."
,Perú,Coronas esparragos ,Apertura,,01/09/2012,1/08/2016,,Pendiente Perú,"Sexta prioridad SAG (carta SAG agosto 2016). 28 de septiembre de 2012 en carta SAG N°11489, DPAF envía comentarios respecto a la propuesta de requisitos entregados por Perú (carta N° 257 de 19 de julio de 2012). En carta N°1875 del 6 de Junio del 2013, SAG envía nuevos comentarios."
,Perú,Plantas de nogal,Apertura,,,18/05/2015,Mar-15,Finalizado,"El 11 de marzo 2015, se recibe vía punto de contacto SPS notificación G/SPS/N/PER/559/Add.2 “Norma que establece los requisitos fitosanitarios de necesario cumplimiento de la importación de plantas de nogal de origen y procedencia Chile” en la cual Perú informa que el 13 de febrero se publicaron en Diario Oficial (Resolución Directoral N° 0062-2014-MINAGRI-SENASA-DSV).El 18 de mayo de 2015 se remite Nota SAG N° 2685/2015, solicitando respuesta a Nota SAG N°397/2015 de enero del presente año. Se hace hincapié en que las plagas Cherry leaf roll virus, Eutypa lata y Plum pox virus corresponden a plagas cuarentenarias ausentes en Chile."
,Perú,Flores frescas cortadas de rosa (Rosa spp.,Apertura,,,1/08/2016,,Pendiente Perú,"En nota SAG de agosto 2016, se solicita última carta remitida por SENASA respecto a este asunto (24.10.11), con el fin de evaluar la conformidad con las exigencias propuestas"
,Perú,Plantas in vitro de zarzamora,Apertura,,01/08/2014,1/08/2016,,Pendiente Perú,El 24 de mayo 2016 se envían antecedentes del ARP (carta SAG N° 3338/2016).Sexta prioridad SAG (carta SAG agosto 2016)
,Perú,Esquejes de clavel con y sin raiz,Apertura,,31/08/2016,31/08/2016,,Pendiente Perú,El 31 de agosto se envía cuestionario de ARP mediante Nota SAG N° 5343/2016
,Perú,Fruta fresca de zarzamora y frambuesa,Apertura,,21/09/2016,21/04/2017,,Pendiente Perú,abril se envía cuestionarios para iniciar ARP
,Perú,Astillas de pino secas,apertura,,01/08/2016,14/09/2016,,Pendiente interesado," 16.08.2016: SENASA informa que se debe hacer un análisis de riesgo de plagas para definir los requisitos fitosanitarios a exigir a las astillas de pino secas al natural.
14.09.2016: Se solicita a interesdao contestar cuestionario. "
ANPROS,Venezuela,Semillas de maiz,Apertura,Gremio,16/09/2014,6/03/2017,,Pendiente SAG,"El 6 de marzo 2017 se recibe oficio INSAI N° 0056/2017, informando plagas cuarentenarias para el ingreso de este producto. Solicita medidas de manejo para evaluar el ingreso de este producto"
,Venezuela,"Semillas de patilla (sandia, Citrulluslanatus) y semillas de zanahoria (Daucus carota L.): ",Apertura,Venezuela,28/08/2016,15/11/2016,,descartado,"El 8 de marzo 2017, ANPROS indica que ya se exporta este producto, por lo cual corresponde descartar."
